date,max_temp,min_temp,precip
1/15/2006,285.608826,274.187592,22.704762
2/15/2006,288.13681,277.522522,87.33493
3/15/2006,294.029205,281.544861,48.06683
4/15/2006,292.736176,280.448639,120.904381
5/15/2006,295.621918,283.398773,65.570236
6/15/2006,305.214844,288.113586,10.419332
7/15/2006,308.403259,291.268951,5.835069
8/15/2006,310.807068,293.90451,9.290249
9/15/2006,305.59024,289.065155,6.823499
10/15/2006,298.604889,283.02655,18.397329
11/15/2006,294.505188,280.971527,29.416143
12/15/2006,289.809052,276.257996,9.353173
1/15/2007,286.775604,275.42688,45.522221
2/15/2007,287.563293,276.74295,79.075203
3/15/2007,292.05719,280.734253,142.224136
4/15/2007,300.983917,283.823303,0.510151
5/15/2007,302.419952,285.595337,0
6/15/2007,307.468231,289.433075,1.414531
7/15/2007,310.140289,292.08905,0.283993
8/15/2007,309.764923,292.317139,0
9/15/2007,303.825592,286.987122,0
10/15/2007,300.798035,285.259949,24.874338
11/15/2007,293.929108,280.730286,35.145412
12/15/2007,292.385986,279.348633,13.984607
1/15/2008,288.656555,278.108826,125.807259
2/15/2008,290.817383,278.449432,44.803127
3/15/2008,292.975677,280.206787,62.797691
4/15/2008,297.930389,281.891876,11.459932
5/15/2008,302.581909,284.519409,0.420825
6/15/2008,303.408844,287.143066,3.700824
7/15/2008,310.53833,293.298309,0.289512
8/15/2008,308.848846,292.710907,0
9/15/2008,305.430298,288.247772,1.23055
10/15/2008,296.655518,281.783356,10.502033
11/15/2008,294.324493,281.252716,95.803665
12/15/2008,285.521362,278.176178,161.98674
1/15/2009,289.770782,279.459442,88.616615
2/15/2009,289.836731,280.479401,205.703094
3/15/2009,294.739471,282.59198,86.549431
4/15/2009,293.708405,281.286133,120.26796
5/15/2009,299.114777,285.30957,46.006874
6/15/2009,308.672913,291.024353,1.241725
7/15/2009,311.111847,293.684265,0
8/15/2009,309.688904,293.256775,1.876672
9/15/2009,307.47937,289.718597,4.592065
10/15/2009,302.726837,286.432587,12.655615
11/15/2009,292.321136,280.01651,32.625813
12/15/2009,286.77243,276.826294,29.070698
1/15/2010,286.328552,277.980255,497.211182
2/15/2010,290.610565,280.229187,107.324059
3/15/2010,292.496277,281.127686,206.782776
4/15/2010,299.561615,281.754822,4.326184
5/15/2010,300.358795,285.41626,34.925198
6/15/2010,306.215302,288.663116,6.814566
7/15/2010,311.305695,295.27948,0.582837
8/15/2010,310.257477,292.937378,1.226742
9/15/2010,302.816467,288.147614,2.524916
10/15/2010,296.983917,282.774445,31.748909
11/15/2010,289.606384,277.517639,124.316444
12/15/2010,287.625519,273.577148,5.69149
1/15/2011,287.851898,275.531525,36.445259
2/15/2011,291.688812,279.715881,76.298538
3/15/2011,293.87735,281.411987,93.023972
4/15/2011,297.503998,281.829529,18.953512
5/15/2011,298.44989,283.002838,23.349104
6/15/2011,303.887054,288.388733,10.437181
7/15/2011,310.489594,292.60376,0
8/15/2011,310.0466,292.355713,2.362322
9/15/2011,304.391937,288.318359,1.512216
10/15/2011,302.756866,285.863586,4.741694
11/15/2011,293.979279,279.652863,11.760912
12/15/2011,291.758331,277.37735,3.627844
1/15/2012,289.093201,277.871185,283.785767
2/15/2012,291.365448,279.633728,64.87989
3/15/2012,291.548737,279.907501,239.251236
4/15/2012,298.350128,281.656708,4.866193
5/15/2012,304.003113,287.095734,0.297847
6/15/2012,306.868988,288.177917,0.279535
7/15/2012,311.231476,293.402191,0
8/15/2012,306.906982,290.372009,1.145437
9/15/2012,308.880035,291.095123,0
10/15/2012,301.496216,285.422211,61.19521
11/15/2012,290.742554,279.419617,5.597978
12/15/2012,285.204071,272.987488,48.257164
1/15/2013,285.515533,275.908936,86.844757
2/15/2013,292.791077,281.822723,26.412415
3/15/2013,287.49823,275.41156,73.802879
4/15/2013,294.363617,279.55899,31.087822
5/15/2013,301.59494,285.387848,10.29168
6/15/2013,306.637329,289.241089,6.734561
7/15/2013,308.628784,292.033142,0.580085
8/15/2013,309.209686,290.97876,0.318965
9/15/2013,308.006348,290.355469,6.6861
10/15/2013,300.061981,284.396057,16.424627
11/15/2013,296.875977,281.895386,18.669186
12/15/2013,285.082489,275.509857,48.918922
1/15/2014,284.98407,275.427032,187.828964
2/15/2014,287.748291,276.080902,39.567581
3/15/2014,290.383026,279.291138,111.372154
4/15/2014,291.357574,278.963593,27.27762
5/15/2014,302.84903,286.796051,3.331894
6/15/2014,306.487213,288.782745,0.599643
7/15/2014,311.036682,293.282379,0
8/15/2014,310.034515,292.515167,0.935251
9/15/2014,305.779419,288.880798,0
10/15/2014,302.160553,284.778015,9.604043
11/15/2014,290.018127,280.725311,131.862305
12/15/2014,285.139465,276.90155,181.956497
1/15/2015,288.029449,278.523743,205.863937
2/15/2015,290.643494,279.976044,83.919724
3/15/2015,294.74707,280.713837,60.030334
4/15/2015,297.353119,283.306,108.075912
5/15/2015,304.215881,286.934845,0
6/15/2015,308.727966,289.698029,1.597018
7/15/2015,312.781769,295.332581,1.875813
8/15/2015,310.927917,293.685852,0.321309
9/15/2015,303.959351,287.45752,16.441063
10/15/2015,299.80426,283.279297,1.069677
11/15/2015,291.390564,279.869171,33.829742
12/15/2015,288.450439,277.933014,36.996544
1/15/2016,285.352905,276.464478,257.85025
2/15/2016,286.628784,277.982117,254.457504
3/15/2016,287.486298,279.717773,314.106812
4/15/2016,298.913239,283.75235,5.595746
5/15/2016,300.860779,283.85965,1.040986
6/15/2016,306.023468,288.868134,5.716172
7/15/2016,309.919586,292.291779,0.285267
8/15/2016,310.884094,292.425568,0.585512
9/15/2016,306.848694,291.004242,58.58947
10/15/2016,297.398224,283.409851,57.134945
11/15/2016,287.073364,277.858917,161.497574
12/15/2016,284.122589,273.685974,25.481823
1/15/2017,287.160492,277.886749,170.559494
2/15/2017,293.321564,280.929443,54.099606
3/15/2017,289.113495,279.669189,392.105225
4/15/2017,294.208496,279.441071,7.105059
5/15/2017,302.262482,285.814667,1.123523
6/15/2017,307.270721,289.597046,1.664304
7/15/2017,309.308136,291.965637,0.283569
8/15/2017,309.532654,291.812622,0.281115
9/15/2017,305.938385,288.99408,0.287306
10/15/2017,303.868927,286.257965,0.412077
11/15/2017,292.333038,280.208466,52.427479
12/15/2017,287.529724,277.282043,101.957268
1/15/2018,287.176849,277.955994,82.266273
2/15/2018,289.941803,279.221771,96.263573
3/15/2018,293.950348,282.141693,80.301552
4/15/2018,299.147675,283.915955,26.708786
5/15/2018,298.766998,284.662231,54.166042
6/15/2018,307.358765,289.330505,5.987421
7/15/2018,309.597382,291.401215,0.279748
8/15/2018,308.85437,293.34256,17.409904
9/15/2018,306.825623,288.782928,0.300398
10/15/2018,300.464264,284.143402,1.792587
11/15/2018,293.319,279.776428,26.91411
12/15/2018,291.394989,277.777191,8.938037
1/15/2019,291.016541,279.570831,58.154644
2/15/2019,291.572723,279.356659,58.094139
3/15/2019,296.752472,280.789368,9.851277
4/15/2019,297.006653,283.193573,25.715654
5/15/2019,303.123901,286.618195,0
6/15/2019,311.185577,292.354645,0.305483
7/15/2019,310.990448,293.749664,1.081296
8/15/2019,310.324432,291.900269,1.184782
9/15/2019,307.384277,291.078583,2.182979
10/15/2019,303.824005,287.141266,0.833753
11/15/2019,294.280396,279.264038,4.325096
12/15/2019,285.584961,275.839172,66.256538
1/15/2020,285.999939,276.2229,73.023605
2/15/2020,288.092712,277.549774,241.65657
3/15/2020,294.188232,280.110962,0.415231
4/15/2020,301.466522,283.887512,0.992492
5/15/2020,302.102539,286.195282,11.881721
6/15/2020,307.858459,290.200623,0.576094
7/15/2020,310.080872,292.748688,0.570746
8/15/2020,310.73938,293.753967,0.321064
9/15/2020,307.541809,290.298645,0
10/15/2020,302.839661,286.396637,1.412214
11/15/2020,290.310425,279.701752,70.381493
12/15/2020,288.152771,278.138306,183.650299
1/15/2021,286.781036,276.261597,22.436954
2/15/2021,289.075928,280.030792,59.641029
3/15/2021,295.597687,280.637817,24.53825
4/15/2021,298.698822,283.014862,23.729712
5/15/2021,300.493195,285.058899,7.625234
6/15/2021,306.856812,290.384888,0.919751
7/15/2021,308.985962,292.439148,0.632814
8/15/2021,312.205963,295.953766,20.770649
9/15/2021,307.534851,290.858704,0.28683
10/15/2021,301.33667,286.21817,12.346136
11/15/2021,290.457062,279.063965,130.387787
12/15/2021,288.538147,278.500702,28.067802
1/15/2022,287.634094,277.238037,83.838844
2/15/2022,292.328766,279.498383,37.402206
3/15/2022,293.062195,280.125122,31.269007
4/15/2022,293.97757,280.29953,116.719765
5/15/2022,301.37796,285.94928,65.285454
6/15/2022,308.731262,290.529388,0.299821
7/15/2022,312.04303,295.178375,0
8/15/2022,312.18924,294.408417,10.2914
9/15/2022,307.645782,290.678192,0.285402
10/15/2022,305.399963,287.561523,1.986274
11/15/2022,293.354156,278.410675,13.669701
12/15/2022,285.737732,275.914276,86.089066
1/15/2023,288.230499,278.170135,63.05788
2/15/2023,291.050568,280.009186,40.232826
3/15/2023,293.146637,280.539764,70.93129
4/15/2023,297.284546,281.024872,15.977336
5/15/2023,307.25354,289.344452,0.594315
6/15/2023,307.671112,291.156891,25.956533
7/15/2023,311.404053,294.889862,2.120445
8/15/2023,312.490082,294.449982,1.035972
9/15/2023,305.757111,289.312164,77.906265
10/15/2023,300.776306,285.431976,8.844461
11/15/2023,290.308472,280.477173,89.746208
12/15/2023,289.749115,279.298889,116.671768
1/15/2024,290.060272,278.490692,17.883007
2/15/2024,292.253632,280.883362,92.221565
3/15/2024,297.946411,283.060211,23.655409
4/15/2024,301.394623,284.339752,2.901531
5/15/2024,303.731659,285.977203,2.52645
6/15/2024,307.926849,290.076111,1.889728
7/15/2024,310.672882,292.833893,0.326484
8/15/2024,312.12793,294.658173,4.734148
9/15/2024,306.884644,289.166687,0.28564
10/15/2024,301.20993,285.459625,33.953861
11/15/2024,290.713928,277.555634,46.606174
12/15/2024,284.399048,274.67337,97.4366
1/15/2025,284.62851,275.622314,253.547913
2/15/2025,287.003113,276.471405,48.936745
3/15/2025,292.217194,282.361969,141.630142
4/15/2025,294.178925,282.422577,107.374855
5/15/2025,301.067474,284.104279,16.750771
6/15/2025,309.21225,289.955933,0
7/15/2025,309.983612,292.217072,0
8/15/2025,311.772705,294.419189,1.760858
9/15/2025,306.393372,290.437897,9.775554
10/15/2025,303.903961,287.567505,10.344876
11/15/2025,293.23465,282.047729,33.491573
12/15/2025,288.65744,276.978241,16.170313
1/15/2026,288.69043,281.107452,363.267975
2/15/2026,290.545624,279.438477,96.642487
3/15/2026,294.899506,280.851685,98.095558
4/15/2026,299.009613,283.170929,24.300476
5/15/2026,302.897064,286.903107,16.018835
6/15/2026,309.585022,291.135803,3.113585
7/15/2026,311.158936,294.109314,0.28463
8/15/2026,311.068359,294.388672,0.816117
9/15/2026,306.191895,291.054718,35.593441
10/15/2026,302.979492,286.573273,80.610619
11/15/2026,288.811798,280.157837,129.759964
12/15/2026,289.42038,279.346741,104.830589
1/15/2027,285.203308,275.74707,82.765007
2/15/2027,286.685974,278.199127,258.916351
3/15/2027,292.133026,280.690948,136.162857
4/15/2027,290.810059,280.181152,227.20694
5/15/2027,299.080444,283.282593,15.955241
6/15/2027,304.84726,288.726501,4.835099
7/15/2027,310.704498,293.838409,13.529625
8/15/2027,310.724274,292.612244,0.292305
9/15/2027,306.922577,289.111755,0
10/15/2027,300.634766,284.70993,14.923594
11/15/2027,291.493866,279.596558,104.025085
12/15/2027,284.820587,275.751556,134.048935
1/15/2028,286.857941,276.573914,86.366638
2/15/2028,291.365814,278.526398,26.985193
3/15/2028,293.569092,279.891632,75.003342
4/15/2028,299.280426,283.754181,4.027163
5/15/2028,301.251129,284.425476,21.603292
6/15/2028,305.810699,289.209686,10.917371
7/15/2028,310.926208,293.322388,0.284056
8/15/2028,309.747223,291.951874,0.282727
9/15/2028,306.895966,288.629669,1.637537
10/15/2028,301.053314,284.09848,7.814247
11/15/2028,291.324249,278.187592,13.531163
12/15/2028,288.361572,275.01236,36.335236
1/15/2029,289.93692,278.065216,19.354342
2/15/2029,294.690582,281.185577,28.051622
3/15/2029,295.330383,280.629822,26.243965
4/15/2029,300.918488,283.566345,5.549406
5/15/2029,299.467072,284.072449,10.606586
6/15/2029,308.512695,290.07016,0.286375
7/15/2029,310.533539,293.355804,0
8/15/2029,310.52121,292.664673,0.969539
9/15/2029,306.595398,289.081635,0.287545
10/15/2029,302.036804,285.698395,20.853851
11/15/2029,297.691223,282.042206,1.577089
12/15/2029,289.037994,278.457397,84.19487
1/15/2030,288.289307,278.756897,308.306549
2/15/2030,290.919952,279.475128,97.662949
3/15/2030,294.303284,283.21579,60.438759
4/15/2030,298.111847,282.974243,63.51046
5/15/2030,301.982117,286.787811,8.052052
6/15/2030,308.903412,290.354889,0.320203
7/15/2030,312.119324,295.027496,0.586994
8/15/2030,311.822235,294.173462,0
9/15/2030,309.163483,290.290741,0.28088
10/15/2030,302.397156,287.443054,43.61739
11/15/2030,293.965149,281.747375,34.410675
12/15/2030,289.363007,279.143951,102.746681
1/15/2031,287.391846,277.155701,76.824951
2/15/2031,290.689362,280.103455,122.305214
3/15/2031,292.614227,282.96228,343.534973
4/15/2031,295.395111,282.105988,63.559784
5/15/2031,297.675751,285.029083,80.86853
6/15/2031,307.840118,290.326324,12.875162
7/15/2031,311.623291,294.686462,0.429118
8/15/2031,311.566864,295.538544,5.701378
9/15/2031,306.516174,291.047424,49.361835
10/15/2031,298.518433,286.008545,20.614843
11/15/2031,288.635681,280.783905,197.060699
12/15/2031,289.603058,280.951904,118.98632
1/15/2032,286.497467,278.086212,543.323975
2/15/2032,288.607147,278.647552,262.043396
3/15/2032,292.601929,279.013794,41.084957
4/15/2032,298.166046,281.287689,10.643606
5/15/2032,303.932983,287.060547,2.157406
6/15/2032,301.633362,287.454437,33.67635
7/15/2032,311.192078,294.916016,2.06606
8/15/2032,310.343994,293.375366,0.291653
9/15/2032,306.030701,288.864258,0
10/15/2032,301.884705,285.815125,2.727116
11/15/2032,290.650757,277.858582,21.548609
12/15/2032,290.703094,277.111755,0
1/15/2033,289.365479,280.349152,396.069153
2/15/2033,289.944305,279.832977,207.490265
3/15/2033,294.232178,281.292297,119.620354
4/15/2033,294.851959,280.163055,47.246723
5/15/2033,301.464783,285.043396,0
6/15/2033,308.552826,289.560242,0.313739
7/15/2033,310.408722,293.161682,0.282095
8/15/2033,308.883911,291.677795,0.580076
9/15/2033,306.360229,289.158997,0.318013
10/15/2033,301.271393,284.057617,10.700866
11/15/2033,296.136566,281.644257,36.691383
12/15/2033,290.631134,276.514191,0.977577
1/15/2034,294.333801,279.08075,2.794037
2/15/2034,292.77774,279.214264,46.910603
3/15/2034,298.46579,281.882935,1.175691
4/15/2034,295.254456,282.639374,182.902832
5/15/2034,305.294952,288.48822,0.968559
6/15/2034,304.227142,288.562622,11.056109
7/15/2034,311.552368,293.574036,0.305133
8/15/2034,312.235657,294.819519,2.543015
9/15/2034,304.279663,288.073669,2.399856
10/15/2034,304.246277,286.912872,1.193335
11/15/2034,292.420258,278.02121,3.340711
12/15/2034,290.158112,278.155548,51.58773
1/15/2035,287.44751,277.624847,112.170929
2/15/2035,288.385071,278.217224,138.180496
3/15/2035,289.949341,278.418091,74.234833
4/15/2035,296.635468,281.786011,17.412197
5/15/2035,305.359009,287.006866,0
6/15/2035,309.419525,289.984985,0.313267
7/15/2035,311.881256,295.937408,2.635484
8/15/2035,312.955994,295.930115,1.502539
9/15/2035,305.764374,287.878967,0
10/15/2035,300.752411,283.892487,22.086578
11/15/2035,290.008911,278.000336,40.887932
12/15/2035,288.756622,277.999451,12.093458
1/15/2036,292.523468,280.815582,30.120405
2/15/2036,290.680695,279.148712,79.985512
3/15/2036,292.796448,280.114014,44.32711
4/15/2036,302.217651,286.050995,9.594611
5/15/2036,304.910278,290.344696,2.554679
6/15/2036,307.543427,290.249878,1.224783
7/15/2036,312.161469,296.522522,0
8/15/2036,311.91333,295.202301,2.469046
9/15/2036,309.302612,293.214905,32.526031
10/15/2036,302.368622,287.619202,16.254496
11/15/2036,291.691071,279.487244,9.419078
12/15/2036,289.348297,277.07135,20.451477
1/15/2037,291.959656,279.573212,6.678269
2/15/2037,290.94986,281.051849,150.636124
3/15/2037,292.650635,280.725952,60.7924
4/15/2037,293.947845,280.017883,36.694336
5/15/2037,302.039673,285.598877,4.984617
6/15/2037,308.472046,289.163666,0.921468
7/15/2037,312.798401,295.938843,1.16312
8/15/2037,310.426361,292.592773,0.314446
9/15/2037,308.720062,290.345551,1.273433
10/15/2037,302.285858,285.888916,18.314777
11/15/2037,291.513794,281.797424,60.809704
12/15/2037,291.218231,278.832672,1.336522
1/15/2038,287.241943,278.297729,452.419189
2/15/2038,289.793427,279.340881,115.316063
3/15/2038,292.419464,280.464844,98.787582
4/15/2038,298.944366,282.975769,18.378767
5/15/2038,304.629761,286.413086,1.170005
6/15/2038,307.804413,289.352661,1.846451
7/15/2038,312.072052,293.745667,0.28332
8/15/2038,311.583221,294.235199,0.296352
9/15/2038,308.103058,288.696136,0.286208
10/15/2038,299.585602,284.63382,5.277394
11/15/2038,289.854095,280.280151,88.69239
12/15/2038,289.862366,278.653168,50.545341
1/15/2039,288.535828,278.9021,221.757584
2/15/2039,292.005585,279.493683,22.505274
3/15/2039,291.687317,279.270447,122.177544
4/15/2039,299.792908,283.973419,8.826036
5/15/2039,303.643921,286.209961,6.292984
6/15/2039,307.369415,290.766754,22.582821
7/15/2039,312.493622,294.718323,0
8/15/2039,310.586517,293.537262,1.744549
9/15/2039,305.456604,290.419464,6.004979
10/15/2039,301.812744,286.862457,13.614584
11/15/2039,293.808289,281.1427,41.858932
12/15/2039,293.4021,279.148804,0
1/15/2040,288.828674,277.469604,61.550415
2/15/2040,292.404175,280.239227,98.44088
3/15/2040,292.160583,278.987061,118.184395
4/15/2040,298.717987,282.704285,30.052259
5/15/2040,306.669891,288.524811,0
6/15/2040,307.587524,290.247437,0.932489
7/15/2040,314.855408,298.599152,2.491555
8/15/2040,313.615356,296.88028,1.252394
9/15/2040,308.382355,290.594086,0.956105
10/15/2040,302.629639,285.571686,10.04241
11/15/2040,291.860291,280.166321,69.08255
12/15/2040,287.944397,280.169495,154.896744
1/15/2041,289.746338,279.076752,128.569229
2/15/2041,292.117676,280.548706,188.608307
3/15/2041,295.99704,283.036285,65.77861
4/15/2041,299.531647,283.876556,63.65873
5/15/2041,302.190216,286.712708,10.283418
6/15/2041,310.475922,291.560486,0.461466
7/15/2041,312.66983,295.969391,0.295905
8/15/2041,310.383392,296.117249,24.434092
9/15/2041,308.017944,290.312073,0.327366
10/15/2041,301.565735,286.707489,14.094057
11/15/2041,291.126007,279.001587,45.509514
12/15/2041,288.269897,276.652466,17.244291
1/15/2042,288.008514,279.082611,301.614746
2/15/2042,290.119812,280.973419,107.905334
3/15/2042,294.915009,283.882874,115.540886
4/15/2042,296.584106,283.157257,41.521187
5/15/2042,298.768372,283.619812,32.931355
6/15/2042,308.783966,290.972626,0.318929
7/15/2042,309.336487,293.006989,3.337933
8/15/2042,310.5495,292.143005,0
9/15/2042,309.468292,291.444672,1.134599
10/15/2042,302.80368,285.559021,0.997597
11/15/2042,295.538025,281.996979,48.366161
12/15/2042,291.832886,280.809143,91.293686
1/15/2043,293.522308,279.256561,0.645457
2/15/2043,292.54657,277.369263,14.01295
3/15/2043,296.242004,281.673126,47.869877
4/15/2043,300.288239,282.796234,3.58357
5/15/2043,303.462463,287.034363,0.585674
6/15/2043,306.358795,289.294769,0.609314
7/15/2043,311.05304,294.472229,0.987467
8/15/2043,311.159302,295.002045,0.298494
9/15/2043,308.608124,291.52005,0.636689
10/15/2043,298.290405,285.077057,19.60092
11/15/2043,289.565033,280.243286,143.122665
12/15/2043,289.238098,277.072021,4.894577
1/15/2044,292.056549,279.785736,1.025506
2/15/2044,291.066528,280.808136,134.683533
3/15/2044,294.602753,281.070679,56.430244
4/15/2044,294.201935,280.769745,82.51001
5/15/2044,303.645813,287.070465,1.030241
6/15/2044,307.809906,290.208862,0.605776
7/15/2044,310.25946,295.082794,24.063112
8/15/2044,313.015106,296.561401,1.563067
9/15/2044,306.951813,289.62088,9.09382
10/15/2044,304.353577,287.855988,15.758228
11/15/2044,295.461609,282.379822,11.37204
12/15/2044,286.140167,277.416412,201.254425
1/15/2045,285.74823,277.782227,386.338104
2/15/2045,287.197418,276.072327,35.902622
3/15/2045,295.033173,281.351593,135.972519
4/15/2045,294.392914,282.019104,94.586647
5/15/2045,298.249084,285.654755,45.998077
6/15/2045,306.153198,289.372284,3.34024
7/15/2045,312.293488,294.270294,0.28654
8/15/2045,311.793732,294.217957,0.608895
9/15/2045,306.63443,290.410767,3.667264
10/15/2045,297.979645,284.575653,72.881271
11/15/2045,289.218048,280.352509,180.961014
12/15/2045,291.631073,280.235199,47.018257
1/15/2046,291.389587,280.765808,186.840332
2/15/2046,294.62027,281.738922,30.852659
3/15/2046,295.664612,281.171204,26.597166
4/15/2046,298.564362,284.352478,79.381508
5/15/2046,304.167999,287.174683,3.978847
6/15/2046,310.253632,292.204865,0.283781
7/15/2046,312.995575,295.865387,0.437195
8/15/2046,310.046021,292.316681,0.586297
9/15/2046,309.556458,291.375427,3.193343
10/15/2046,299.171722,283.824097,8.204704
11/15/2046,293.913239,281.520355,44.843712
12/15/2046,288.25061,277.785553,249.113815
1/15/2047,290.840729,279.567505,58.347927
2/15/2047,293.828583,281.105469,28.585135
3/15/2047,295.886475,282.863129,60.677254
4/15/2047,297.698608,284.140686,97.244209
5/15/2047,298.572937,284.841492,48.209679
6/15/2047,305.221313,291.397003,35.706383
7/15/2047,312.871643,296.177856,0.309054
8/15/2047,313.819794,296.613037,0.642863
9/15/2047,307.348816,291.933533,2.954761
10/15/2047,301.604279,287.711304,40.588955
11/15/2047,296.014648,283.277435,2.951473
12/15/2047,287.789764,279.325012,213.8134
1/15/2048,289.561676,280.557556,541.976257
2/15/2048,290.558594,280.574188,184.237198
3/15/2048,293.3125,282.164459,65.241165
4/15/2048,298.532898,282.383209,20.917015
5/15/2048,298.774384,284.683868,29.444197
6/15/2048,309.725891,290.539551,1.238444
7/15/2048,313.074554,295.374176,0.282932
8/15/2048,313.079926,296.146423,1.91897
9/15/2048,308.241333,293.195953,17.729668
10/15/2048,302.243439,286.980713,13.852532
11/15/2048,290.471344,282.255646,392.31192
12/15/2048,289.45224,277.416046,0.932722
1/15/2049,291.29364,279.495239,86.565437
2/15/2049,291.004791,280.737488,126.040077
3/15/2049,292.781677,280.082916,108.074738
4/15/2049,295.606964,282.345215,100.698265
5/15/2049,304.150299,287.067108,0
6/15/2049,307.571808,289.762207,3.411159
7/15/2049,312.924255,295.528015,0.476866
8/15/2049,312.244843,296.259155,2.660566
9/15/2049,309.777191,293.430084,5.845412
10/15/2049,299.585846,285.638916,34.771179
11/15/2049,293.969696,280.038544,8.251915
12/15/2049,291.646606,279.655914,21.558273
1/15/2050,290.851227,280.711548,291.879242
2/15/2050,290.006226,281.178192,288.028656
3/15/2050,294.891815,282.278412,34.303474
4/15/2050,296.930054,283.490601,81.206024
5/15/2050,302.574951,286.233673,26.375301
6/15/2050,308.398407,290.436096,0.343888
7/15/2050,313.763794,297.414093,4.094145
8/15/2050,312.335358,297.15625,6.107188
9/15/2050,307.299042,292.137329,2.239116
10/15/2050,299.172668,285.728119,88.083023
11/15/2050,292.78775,281.894684,99.322128
12/15/2050,288.002777,275.961456,31.59273
1/15/2051,292.893341,278.802399,0.573486
2/15/2051,292.302155,278.972198,35.572948
3/15/2051,295.375824,283.457428,76.980286
4/15/2051,299.481628,283.061462,20.417326
5/15/2051,299.842133,284.231628,34.434433
6/15/2051,309.02829,291.188934,0.624079
7/15/2051,312.880249,296.290833,9.406286
8/15/2051,312.647369,296.865234,12.18605
9/15/2051,310.655548,293.422058,0.304683
10/15/2051,303.347198,288.224457,46.777565
11/15/2051,295.31311,284.825897,25.955439
12/15/2051,288.326538,278.848236,122.44339
1/15/2052,289.534454,279.773468,118.463554
2/15/2052,291.141968,281.776031,216.260849
3/15/2052,293.525421,282.25647,130.365097
4/15/2052,300.694824,284.013519,5.940462
5/15/2052,302.897156,285.969604,0.432587
6/15/2052,310.723785,292.679688,1.172866
7/15/2052,312.233368,295.710876,0.417686
8/15/2052,314.193604,296.919891,0.600463
9/15/2052,309.618286,292.172394,0
10/15/2052,302.995911,287.306885,11.640705
11/15/2052,293.284729,281.747406,27.760542
12/15/2052,290.801453,279.564667,20.438759
1/15/2053,288.877991,278.979523,190.511703
2/15/2053,291.735748,280.185394,15.13168
3/15/2053,292.715424,279.866394,73.25737
4/15/2053,300.71637,284.898926,2.35721
5/15/2053,303.70636,285.532379,0.305942
6/15/2053,310.337189,290.522827,0
7/15/2053,314.051483,296.989075,0.282295
8/15/2053,312.797302,296.968384,2.201048
9/15/2053,307.644257,290.972778,1.393579
10/15/2053,303.983704,287.936096,28.790491
11/15/2053,296.026947,282.618561,2.762316
12/15/2053,288.051056,278.918671,122.506248
1/15/2054,286.881989,276.867035,133.694992
2/15/2054,292.233704,279.891052,17.426056
3/15/2054,299.991791,284.595459,6.372969
4/15/2054,298.356415,283.27771,34.762627
5/15/2054,305.487396,288.956482,0.38584
6/15/2054,309.762482,291.123688,1.210845
7/15/2054,313.096222,295.487976,0.308319
8/15/2054,314.953339,298.750946,1.199684
9/15/2054,307.733307,291.992157,46.862518
10/15/2054,304.110291,287.033539,8.697296
11/15/2054,293.483734,282.091919,57.908852
12/15/2054,291.263794,280.399445,54.237888
1/15/2055,289.858032,280.147552,393.589539
2/15/2055,292.643341,282.989471,120.252663
3/15/2055,293.268921,282.890839,98.971687
4/15/2055,298.227112,283.867981,30.380377
5/15/2055,303.019073,288.225128,15.376468
6/15/2055,306.870636,291.659119,6.181976
7/15/2055,312.609497,295.492432,0.293545
8/15/2055,311.168396,295.749115,16.336176
9/15/2055,306.514618,289.974213,0.58461
10/15/2055,301.031769,284.956696,19.479097
11/15/2055,292.724426,278.717743,43.234169
12/15/2055,288.490204,278.143097,82.34478
1/15/2056,291.306763,279.839172,20.029022
2/15/2056,289.929901,278.397064,70.173706
3/15/2056,295.403046,282.023712,149.57457
4/15/2056,298.473022,283.007141,66.389847
5/15/2056,304.401886,287.515106,0
6/15/2056,307.049591,290.27713,0.294632
7/15/2056,312.868866,296.227142,0.774172
8/15/2056,312.464691,294.939636,1.497777
9/15/2056,307.643127,292.182495,6.156105
10/15/2056,302.739288,286.000275,0.514339
11/15/2056,292.904297,281.739746,99.616127
12/15/2056,285.892426,274.435211,11.931371
1/15/2057,291.162903,281.139618,217.195129
2/15/2057,292.845032,281.980408,70.304916
3/15/2057,298.731812,284.189911,104.306389
4/15/2057,302.052917,286.083008,8.124238
5/15/2057,303.47467,286.798126,8.781692
6/15/2057,311.58783,293.101288,0.613796
7/15/2057,312.972565,298.814514,2.570137
8/15/2057,314.116455,298.43689,3.623041
9/15/2057,308.981964,291.804199,0.871441
10/15/2057,303.76178,286.430969,0.423679
11/15/2057,296.634216,282.284485,3.289296
12/15/2057,289.456299,279.54718,245.292267
1/15/2058,288.296082,279.73468,505.517487
2/15/2058,292.035614,281.456299,60.727859
3/15/2058,293.801788,282.42691,126.243179
4/15/2058,300.865692,283.707153,2.238595
5/15/2058,300.726959,285.767395,75.176933
6/15/2058,304.870392,290.703705,10.806617
7/15/2058,312.003571,294.421722,0.584139
8/15/2058,311.029114,294.193665,0
9/15/2058,308.167114,292.897156,35.569027
10/15/2058,304.074432,287.66806,8.914883
11/15/2058,295.312958,281.940948,22.488642
12/15/2058,292.236328,280.069061,56.428925
1/15/2059,289.489441,281.325745,440.424133
2/15/2059,293.797394,280.475159,31.127672
3/15/2059,294.342133,281.888519,260.251801
4/15/2059,298.207123,284.363464,33.169216
5/15/2059,303.951782,286.428589,3.253035
6/15/2059,310.605042,291.962372,0
7/15/2059,314.356812,296.707764,0.691946
8/15/2059,311.605103,295.417603,1.557207
9/15/2059,307.711792,293.433014,28.259872
10/15/2059,303.24585,288.130432,8.291001
11/15/2059,294.50528,283.268097,63.273567
12/15/2059,290.451721,280.49881,208.299011
1/15/2060,292.296021,281.451691,107.950874
2/15/2060,290.927734,281.375854,168.830887
3/15/2060,295.174164,283.623932,149.675415
4/15/2060,298.424347,284.081512,25.541319
5/15/2060,304.65744,288.703827,16.599619
6/15/2060,306.053192,289.716309,1.453249
7/15/2060,312.244263,296.151428,0.283565
8/15/2060,312.28537,295.374542,1.536502
9/15/2060,307.796875,292.309937,0.759867
10/15/2060,304.544983,287.276642,0.292273
11/15/2060,292.443268,282.697144,117.422752
12/15/2060,287.524261,278.848602,352.662109
1/15/2061,291.25647,279.759033,42.258774
2/15/2061,289.79129,279.954285,205.290878
3/15/2061,296.417175,284.766541,120.146255
4/15/2061,303.713806,286.28952,21.553055
5/15/2061,299.911316,287.375366,107.384735
6/15/2061,308.909485,291.929291,1.18466
7/15/2061,312.825409,296.252686,1.44212
8/15/2061,312.988037,296.249817,8.340945
9/15/2061,310.115417,293.348541,6.909551
10/15/2061,305.202606,288.794525,0.544566
11/15/2061,294.115936,284.867462,198.57605
12/15/2061,286.114594,276.77005,111.413231
1/15/2062,288.071899,278.46582,274.359802
2/15/2062,290.61908,281.741425,533.040894
3/15/2062,294.747772,282.541168,83.376205
4/15/2062,298.173279,285.199921,96.959496
5/15/2062,303.223572,286.845764,3.333984
6/15/2062,310.701965,293.258667,0.914124
7/15/2062,312.564178,296.118347,0
8/15/2062,310.666321,295.863159,7.843613
9/15/2062,307.887665,291.210083,0.953572
10/15/2062,301.958771,286.455505,12.187268
11/15/2062,294.911194,282.034637,26.147223
12/15/2062,288.397552,278.461365,71.032166
1/15/2063,288.824921,279.93988,863.338013
2/15/2063,289.943542,278.193329,147.688126
3/15/2063,292.229706,281.780121,206.386047
4/15/2063,294.637238,282.34491,183.890259
5/15/2063,298.061279,285.203979,42.758202
6/15/2063,309.56604,291.115356,1.11343
7/15/2063,312.410706,295.608185,0.573293
8/15/2063,312.906128,296.024353,0.922701
9/15/2063,310.135834,293.412659,0.966453
10/15/2063,302.605682,288.288422,9.789318
11/15/2063,292.717255,281.466522,66.409958
12/15/2063,289.862091,280.437073,197.366882
1/15/2064,289.308899,280.527802,708.152771
2/15/2064,291.791107,280.394348,249.329407
3/15/2064,298.210358,283.75589,42.832184
4/15/2064,297.56012,283.320648,57.936508
5/15/2064,303.516815,287.463348,0
6/15/2064,309.16452,291.500946,2.436415
7/15/2064,314.001282,297.144897,0
8/15/2064,314.484283,297.97406,1.152026
9/15/2064,307.141754,290.350983,1.857446
10/15/2064,303.972717,287.519897,8.422701
11/15/2064,290.179688,282.102203,366.110474
12/15/2064,287.302643,277.684723,57.283337
1/15/2065,289.628296,278.565063,50.497787
2/15/2065,293.640228,280.94046,146.660339
3/15/2065,296.383942,283.242493,70.989655
4/15/2065,299.070984,282.599335,13.315721
5/15/2065,306.053589,289.513214,6.205168
6/15/2065,307.242615,289.707886,3.119567
7/15/2065,312.900696,295.763428,3.907113
8/15/2065,312.063721,295.733154,0.616638
9/15/2065,310.364136,292.114532,0.307301
10/15/2065,304.158051,288.121277,16.409664
11/15/2065,294.987885,282.183044,2.959714
12/15/2065,288.794739,276.506836,27.648678
1/15/2066,293.321198,280.589935,72.382683
2/15/2066,295.452209,281.022491,31.698673
3/15/2066,297.327301,282.294739,7.934228
4/15/2066,301.53775,284.14209,39.154484
5/15/2066,306.13678,289.743591,5.726906
6/15/2066,308.507172,291.261658,0
7/15/2066,315.125916,300.065887,5.723854
8/15/2066,314.085602,298.020599,2.123284
9/15/2066,308.48938,291.159973,3.698362
10/15/2066,306.117615,289.763306,4.163818
11/15/2066,296.074371,281.910461,33.1474
12/15/2066,289.176788,280.303955,115.727592
1/15/2067,291.224915,281.941498,137.208542
2/15/2067,295.733459,284.10553,45.051582
3/15/2067,296.90863,284.571594,53.481075
4/15/2067,302.13681,286.719116,1.654893
5/15/2067,304.230469,288.958038,17.000214
6/15/2067,309.491394,292.493134,2.095093
7/15/2067,315.036804,299.585663,0.952786
8/15/2067,311.976166,298.346924,4.627146
9/15/2067,310.74353,295.878571,2.921731
10/15/2067,303.108704,287.128357,1.429011
11/15/2067,294.567444,283.882019,65.310867
12/15/2067,288.074951,279.586182,385.546234
1/15/2068,288.413818,280.522308,454.544891
2/15/2068,287.766327,279.509949,476.598907
3/15/2068,293.479492,283.22818,204.733658
4/15/2068,299.039032,282.486389,14.95961
5/15/2068,297.945923,285.978516,67.243385
6/15/2068,309.215454,291.259064,0.29416
7/15/2068,313.092743,294.902863,0
8/15/2068,313.251831,296.29837,6.9281
9/15/2068,309.489288,294.019348,2.767041
10/15/2068,300.54837,285.993896,12.858147
11/15/2068,293.565735,281.990875,49.192917
12/15/2068,291.016357,279.879059,48.539413
1/15/2069,292.630188,280.38382,67.150116
2/15/2069,292.095398,279.353241,98.603912
3/15/2069,297.000244,284.623352,110.451607
4/15/2069,297.299835,283.076813,64.814171
5/15/2069,305.225067,288.909302,40.162567
6/15/2069,312.121735,294.205658,0.28095
7/15/2069,312.664764,295.353668,0.612359
8/15/2069,313.373108,297.320953,3.677178
9/15/2069,309.752747,292.716797,2.790265
10/15/2069,303.673309,287.14093,0.789426
11/15/2069,295.940002,284.101013,72.77195
12/15/2069,290.261597,278.209045,2.982074
1/15/2070,289.465027,278.787201,30.393042
2/15/2070,296.171173,282.704285,65.55246
3/15/2070,296.286896,282.441986,19.295851
4/15/2070,298.808655,283.902344,14.260719
5/15/2070,305.840668,289.524048,0
6/15/2070,309.468719,292.510895,1.12141
7/15/2070,310.797272,295.632843,15.266984
8/15/2070,312.351898,297.347839,4.790135
9/15/2070,309.898529,294.289948,36.18449
10/15/2070,305.210815,289.292603,0
11/15/2070,295.580414,283.923737,78.060127
12/15/2070,291.046844,280.919617,58.099106
1/15/2071,290.032471,282.515625,432.611481
2/15/2071,290.75058,281.128204,176.884079
3/15/2071,294.450195,284.10025,167.838531
4/15/2071,297.500458,283.949829,31.89772
5/15/2071,302.007355,286.501007,6.268846
6/15/2071,308.114868,291.25592,12.595208
7/15/2071,313.221527,296.259705,1.593152
8/15/2071,313.834076,298.289673,6.272481
9/15/2071,307.205841,292.457214,29.644102
10/15/2071,304.259125,289.041168,19.876331
11/15/2071,293.44696,283.278748,53.202888
12/15/2071,287.515259,278.369537,155.412018
1/15/2072,288.718781,280.328552,360.794708
2/15/2072,295.049225,282.678192,22.679226
3/15/2072,294.446198,282.191589,90.818848
4/15/2072,298.320435,285.135773,93.77298
5/15/2072,303.559845,287.718079,2.356727
6/15/2072,306.336395,290.036987,2.76372
7/15/2072,308.961487,293.958282,0.288238
8/15/2072,312.953522,297.199738,1.997123
9/15/2072,309.621002,292.467438,2.96055
10/15/2072,300.91745,288.046967,46.64922
11/15/2072,296.124207,284.370483,63.440651
12/15/2072,294.015381,280.97995,104.522644
1/15/2073,288.575134,279.47345,419.209045
2/15/2073,295.820709,284.239227,121.440567
3/15/2073,300.15155,283.45108,7.560891
4/15/2073,300.222961,284.202484,14.430363
5/15/2073,305.147858,288.077362,1.854677
6/15/2073,311.965759,293.262634,0.281658
7/15/2073,315.894806,298.696808,0.311505
8/15/2073,313.592987,296.8573,4.036242
9/15/2073,309.490997,292.700806,14.499645
10/15/2073,303.274445,287.089325,2.80814
11/15/2073,294.151154,282.472748,78.19339
12/15/2073,290.297028,279.842194,36.908638
1/15/2074,287.592072,279.758789,467.92804
2/15/2074,292.982025,280.651825,45.074173
3/15/2074,297.438721,280.94928,22.70402
4/15/2074,299.369354,283.570007,52.596432
5/15/2074,304.21405,287.325867,1.329202
6/15/2074,309.610138,291.780609,0.571571
7/15/2074,312.133026,294.835846,0.282083
8/15/2074,313.456024,297.324768,3.037136
9/15/2074,309.905121,291.995941,6.895832
10/15/2074,303.694977,288.160156,10.003714
11/15/2074,295.362701,280.750122,2.014615
12/15/2074,286.480225,275.512695,195.409225
1/15/2075,290.62088,280.116211,3.836859
2/15/2075,295.121796,281.747131,24.390341
3/15/2075,296.193878,283.34079,99.864548
4/15/2075,301.827087,284.451385,2.710978
5/15/2075,306.555511,288.487488,0.85022
6/15/2075,310.893829,292.041412,0
7/15/2075,312.93631,297.374298,0
8/15/2075,313.399658,298.333557,4.500318
9/15/2075,307.584991,293.340668,5.826762
10/15/2075,301.835999,287.396149,25.602625
11/15/2075,296.618805,284.230652,18.473198
12/15/2075,290.358093,277.549347,3.77488
1/15/2076,291.009613,279.266388,209.533051
2/15/2076,294.730438,282.438202,32.169659
3/15/2076,299.890106,284.203735,0
4/15/2076,301.727722,284.604095,0.320174
5/15/2076,303.938538,287.38446,1.80922
6/15/2076,312.987701,293.92392,0.430688
7/15/2076,315.798431,299.541321,1.146141
8/15/2076,313.833923,298.745514,11.807809
9/15/2076,308.658112,295.152863,137.114304
10/15/2076,303.651764,290.225159,11.994876
11/15/2076,295.353973,285.079254,76.994041
12/15/2076,293.525085,281.442963,1.229385
1/15/2077,292.298096,280.309937,112.161301
2/15/2077,291.977631,282.465057,115.148834
3/15/2077,298.756287,283.740662,3.161244
4/15/2077,301.931854,285.239594,5.37671
5/15/2077,306.619476,288.798492,1.303658
6/15/2077,311.762085,293.493988,1.160649
7/15/2077,315.005127,299.8508,0.888335
8/15/2077,313.765442,299.168945,11.628805
9/15/2077,313.163452,298.293152,17.204536
10/15/2077,303.683777,289.253906,20.973019
11/15/2077,296.302185,284.920135,94.685402
12/15/2077,293.079407,279.752045,6.844018
1/15/2078,293.483917,282.240051,61.345306
2/15/2078,293.130524,283.165192,132.476578
3/15/2078,299.459381,285.50589,18.027046
4/15/2078,304.832947,289.461639,14.337912
5/15/2078,304.813507,288.778595,1.10604
6/15/2078,308.493256,291.687378,2.17582
7/15/2078,312.902435,296.843994,0.812838
8/15/2078,312.972595,300.107422,22.86776
9/15/2078,310.055847,296.278351,56.270035
10/15/2078,305.160492,290.577911,31.043732
11/15/2078,297.362976,283.894104,28.931997
12/15/2078,290.096588,283.031219,279.421722
1/15/2079,289.341431,281.811401,294.762726
2/15/2079,289.830139,281.347351,225.811874
3/15/2079,291.498993,283.120056,315.39859
4/15/2079,294.277283,283.024384,172.624847
5/15/2079,303.928192,289.247894,18.621868
6/15/2079,309.707245,293.368103,20.738937
7/15/2079,311.759949,297.026886,2.45561
8/15/2079,314.464966,299.584229,27.978876
9/15/2079,310.882019,293.709259,3.291057
10/15/2079,303.254883,289.623199,25.638939
11/15/2079,296.171783,286.300934,116.890091
12/15/2079,291.264252,281.288239,37.177185
1/15/2080,289.369385,281.10318,195.043732
2/15/2080,292.224823,282.38443,299.759155
3/15/2080,296.785126,284.310577,143.645218
4/15/2080,297.063477,283.59079,85.805458
5/15/2080,302.351624,287.355774,1.747101
6/15/2080,303.799438,289.054352,11.528695
7/15/2080,312.723083,298.613342,14.574385
8/15/2080,312.846313,296.420654,1.599614
9/15/2080,309.113159,293.560852,2.37569
10/15/2080,301.630859,287.137329,12.850863
11/15/2080,295.054108,282.529327,4.535105
12/15/2080,288.636322,278.392548,61.616539
1/15/2081,289.957245,278.570587,103.093491
2/15/2081,297.057068,284.082458,14.335992
3/15/2081,302.11264,286.295807,5.321701
4/15/2081,307.192047,289.593231,2.870127
5/15/2081,303.155609,287.714539,4.564555
6/15/2081,310.852356,293.328033,1.184734
7/15/2081,313.178314,296.352814,0
8/15/2081,316.179718,300.683533,4.210492
9/15/2081,309.41684,294.235535,6.34189
10/15/2081,304.247253,287.825867,0.579836
11/15/2081,297.145294,284.496582,78.514801
12/15/2081,288.730652,281.457489,196.83728
1/15/2082,290.115601,281.150146,321.389648
2/15/2082,290.713104,282.586975,514.830811
3/15/2082,293.94635,281.46347,111.274849
4/15/2082,301.370178,286.647736,52.283051
5/15/2082,303.310699,287.173523,17.67885
6/15/2082,308.75769,293.434296,4.360626
7/15/2082,314.892212,298.382782,0
8/15/2082,314.105621,298.126801,1.495816
9/15/2082,310.824371,296.318329,7.720883
10/15/2082,302.325439,287.606415,38.103848
11/15/2082,295.308411,282.321075,20.369108
12/15/2082,293.070099,281.528442,76.692314
1/15/2083,289.282196,281.233917,572.090332
2/15/2083,293.189636,283.092346,150.487
3/15/2083,293.196289,282.188751,182.043289
4/15/2083,297.696655,283.286682,58.76038
5/15/2083,302.673523,287.555573,33.035591
6/15/2083,311.141083,294.013367,0.293924
7/15/2083,314.403931,299.369934,9.263773
8/15/2083,313.693542,299.61438,15.318537
9/15/2083,309.381042,297.194336,40.585918
10/15/2083,302.548218,288.354889,14.969214
11/15/2083,293.798706,283.579193,132.713928
12/15/2083,289.880585,280.410492,110.344269
1/15/2084,290.310883,280.774261,384.875854
2/15/2084,292.282501,282.077332,306.175751
3/15/2084,295.860443,284.201752,193.099289
4/15/2084,301.99942,286.83136,10.389274
5/15/2084,301.404022,287.815674,24.65295
6/15/2084,308.685089,292.680939,2.43782
7/15/2084,315.089081,298.468109,0
8/15/2084,314.785309,299.663086,0.657488
9/15/2084,308.235748,292.717957,3.605511
10/15/2084,303.00766,288.939728,17.154144
11/15/2084,293.397003,281.145111,9.021524
12/15/2084,290.35321,281.924194,195.540558
1/15/2085,289.093079,280.707397,341.543365
2/15/2085,291.636078,283.253357,321.700073
3/15/2085,293.114227,281.91153,306.683472
4/15/2085,301.353363,285.463348,10.901529
5/15/2085,304.539124,287.691711,3.574218
6/15/2085,311.568817,292.727142,0.930287
7/15/2085,315.540894,298.298798,0.29778
8/15/2085,315.65213,299.335724,14.450921
9/15/2085,310.669312,293.090332,6.289401
10/15/2085,304.960052,288.649414,0.477162
11/15/2085,293.223663,282.018219,113.71376
12/15/2085,289.879089,280.166962,101.767128
1/15/2086,290.489166,281.851593,476.81073
2/15/2086,291.517059,282.1297,232.230392
3/15/2086,295.603149,283.387604,76.863205
4/15/2086,302.679291,287.409729,0
5/15/2086,305.619751,288.568451,0
6/15/2086,312.763489,293.669037,0
7/15/2086,316.472351,299.703552,0.860583
8/15/2086,313.281525,298.531708,2.486165
9/15/2086,310.220917,293.239685,6.245886
10/15/2086,305.129639,288.589111,0.837089
11/15/2086,294.532928,282.257233,19.869364
12/15/2086,291.094849,280.145782,49.709431
1/15/2087,293.23999,281.222351,5.522804
2/15/2087,293.836395,284.053497,156.852646
3/15/2087,298.129181,282.938202,22.307627
4/15/2087,298.490387,283.518707,86.22525
5/15/2087,305.68515,288.629669,0.784098
6/15/2087,309.185272,292.478699,0.548316
7/15/2087,316.063629,300.591156,2.918478
8/15/2087,314.095459,298.168732,1.941756
9/15/2087,310.427307,295.949249,28.71977
10/15/2087,303.275848,289.689484,44.768921
11/15/2087,297.15152,283.984558,29.497618
12/15/2087,288.131012,277.715057,89.098145
1/15/2088,291.091187,280.351532,9.96941
2/15/2088,297.585205,284.535919,45.708656
3/15/2088,303.099609,287.455139,0.920742
4/15/2088,302.506287,287.521759,14.514592
5/15/2088,303.014648,289.321045,43.529934
6/15/2088,310.147949,293.552032,0.878941
7/15/2088,315.574402,299.96579,13.228653
8/15/2088,315.428436,300.417908,3.898382
9/15/2088,309.963806,294.79245,5.429502
10/15/2088,302.837067,289.186249,37.963692
11/15/2088,298.05661,285.348938,16.110455
12/15/2088,292.853333,281.940399,41.4716
1/15/2089,290.005524,282.193115,947.204102
2/15/2089,291.9711,283.311127,198.973389
3/15/2089,295.472412,284.810425,137.917358
4/15/2089,301.045502,286.251099,2.639122
5/15/2089,306.188873,289.039642,37.491814
6/15/2089,306.433716,290.479431,4.278245
7/15/2089,315.852325,298.739075,1.833467
8/15/2089,315.020111,299.622131,4.971044
9/15/2089,312.157104,295.541687,14.095547
10/15/2089,304.270325,290.393555,4.560072
11/15/2089,292.977264,282.208435,75.733025
12/15/2089,288.110962,276.84848,40.073795
1/15/2090,290.540314,282.150055,562.80304
2/15/2090,291.433716,281.621918,266.068512
3/15/2090,295.604919,284.503601,94.031998
4/15/2090,298.855042,285.257751,73.00988
5/15/2090,306.287659,288.601196,0.683741
6/15/2090,308.124603,290.859589,1.2118
7/15/2090,315.811951,299.649506,7.080857
8/15/2090,314.705261,299.655304,9.72046
9/15/2090,310.116974,294.599762,6.721936
10/15/2090,305.23645,290.36557,28.994629
11/15/2090,292.972656,281.625397,93.48172
12/15/2090,290.824158,281.194061,75.244865
1/15/2091,291.324799,281.132751,134.293243
2/15/2091,292.475525,282.521027,350.553375
3/15/2091,298.366882,284.524506,30.251024
4/15/2091,296.866852,283.282898,63.654202
5/15/2091,302.17099,287.444855,16.159279
6/15/2091,310.041473,292.414001,0.288734
7/15/2091,313.682343,296.56778,0.68486
8/15/2091,314.275299,296.909515,1.03037
9/15/2091,311.9487,293.997284,2.831937
10/15/2091,304.598511,288.531769,0.90905
11/15/2091,295.428284,283.669891,88.887321
12/15/2091,290.136292,276.209076,3.335966
1/15/2092,291.735168,279.694427,38.285793
2/15/2092,290.554016,278.284363,73.181625
3/15/2092,296.326294,284.646057,188.243378
4/15/2092,301.329681,285.388733,11.479789
5/15/2092,305.835419,288.921295,0.834126
6/15/2092,309.59436,291.584534,0.86151
7/15/2092,315.127136,299.276947,4.184544
8/15/2092,313.75415,298.535797,0.893794
9/15/2092,308.486542,295.0224,10.376099
10/15/2092,301.151123,288.665649,54.513126
11/15/2092,297.618439,286.065369,23.675062
12/15/2092,290.719055,280.331635,35.804047
1/15/2093,289.776245,281.518829,697.444519
2/15/2093,292.06073,283.044891,249.319183
3/15/2093,299.247406,286.586029,163.382767
4/15/2093,299.301483,285.135773,52.64455
5/15/2093,304.194214,288.540344,9.154276
6/15/2093,309.922089,293.239075,0.614032
7/15/2093,316.927582,299.741608,13.544142
8/15/2093,314.579468,300.711456,34.532547
9/15/2093,311.121979,295.423523,0
10/15/2093,307.93866,292.037872,2.55103
11/15/2093,298.602814,286.643188,83.79174
12/15/2093,290.922943,280.226624,111.614418
1/15/2094,291.003052,280.520874,130.653336
2/15/2094,299.746429,286.432709,14.797354
3/15/2094,298.512909,282.358917,35.210548
4/15/2094,304.37973,287.857819,0.511772
5/15/2094,303.18399,287.561584,7.078538
6/15/2094,310.112915,292.158478,0.588556
7/15/2094,315.74649,301.137573,15.599861
8/15/2094,315.445435,300.494781,7.403309
9/15/2094,308.508484,294.920929,20.479036
10/15/2094,305.621552,289.791351,4.165071
11/15/2094,295.614899,285.095551,151.014145
12/15/2094,291.262909,281.741028,84.760735
1/15/2095,291.905975,282.389984,378.448944
2/15/2095,293.629944,283.03653,256.354675
3/15/2095,300.80719,285.204437,17.557306
4/15/2095,302.172424,286.0513,10.063963
5/15/2095,302.521759,288.297211,19.145493
6/15/2095,312.077942,294.672638,5.70672
7/15/2095,315.488617,298.039032,0.289202
8/15/2095,312.527588,298.300171,0
9/15/2095,310.372192,294.028351,0
10/15/2095,304.492279,289.516693,7.26841
11/15/2095,300.75882,287.483856,36.035751
12/15/2095,292.880402,281.549988,49.679188
1/15/2096,294.228271,281.551575,34.735527
2/15/2096,293.618652,281.281921,41.851082
3/15/2096,297.618011,283.881683,106.899567
4/15/2096,303.959167,286.961731,7.932275
5/15/2096,308.229523,290.798279,1.554659
6/15/2096,316.178589,297.54425,0.592212
7/15/2096,317.361206,301.975037,1.592416
8/15/2096,314.707489,298.833252,2.685401
9/15/2096,312.086395,294.965729,2.055152
10/15/2096,306.02066,289.446472,3.885821
11/15/2096,300.167358,285.821167,6.640401
12/15/2096,294.290344,281.77597,8.442178
1/15/2097,291.808746,281.84079,136.590958
2/15/2097,294.179291,282.870941,101.740547
3/15/2097,295.747406,282.512177,57.357788
4/15/2097,302.01709,285.562042,22.345127
5/15/2097,307.135712,290.971954,0.458051
6/15/2097,308.653229,293.865387,1.019092
7/15/2097,313.761108,300.092407,5.321663
8/15/2097,315.243011,299.707214,1.78208
9/15/2097,308.598602,295.815765,9.616068
10/15/2097,306.804138,290.210754,0.481646
11/15/2097,297.472198,285.796082,29.878435
12/15/2097,292.535767,281.583588,52.747791
1/15/2098,293.707001,282.820984,91.305519
2/15/2098,294.612274,285.009552,310.05603
3/15/2098,298.447876,285.094086,50.520203
4/15/2098,297.062469,284.566376,39.147156
5/15/2098,304.623352,290.01004,10.254451
6/15/2098,314.645447,295.381958,0.915977
7/15/2098,316.051666,301.054321,3.759582
8/15/2098,312.720001,300.854065,21.362776
9/15/2098,311.607208,296.466797,2.397215
10/15/2098,306.154053,292.876251,33.603504
11/15/2098,296.908234,284.894196,29.19751
12/15/2098,292.889221,282.624908,384.030701
1/15/2099,291.436096,282.706879,415.815125
2/15/2099,293.820404,282.248138,279.049744
3/15/2099,297.789886,284.816559,28.272268
4/15/2099,302.941742,287.151337,13.574276
5/15/2099,306.274963,290.746857,17.009987
6/15/2099,312.879547,295.963074,6.283193
7/15/2099,314.34024,300.289886,4.849141
8/15/2099,314.491791,299.274475,1.517889
9/15/2099,310.318481,295.35733,0.900481
10/15/2099,302.63327,288.419037,8.271927
11/15/2099,297.495758,282.164764,0.279964
12/15/2099,290.96347,281.016846,182.908432
