Date,max_temp,min_temp,precip
1/15/2006,284.43631,274.398743,0.433446
2/15/2006,285.749695,274.05011,123.399673
3/15/2006,292.513702,278.679871,170.253052
4/15/2006,297.465271,280.482605,16.445478
5/15/2006,303.446014,286.60022,0.903755
6/15/2006,308.1073,289.328918,3.987128
7/15/2006,309.988708,291.872101,0
8/15/2006,309.604492,292.247009,0.303579
9/15/2006,305.144043,287.914185,0.633257
10/15/2006,299.255768,284.166199,48.883453
11/15/2006,294.681915,281.663422,160.780655
12/15/2006,280.944855,271.892059,113.914024
1/15/2007,285.648193,277.071106,86.518082
2/15/2007,289.327637,278.330902,105.037544
3/15/2007,291.373016,278.848907,0.335465
4/15/2007,296.62854,282.139038,33.370373
5/15/2007,301.277924,284.825806,44.286865
6/15/2007,309.235657,291.389343,1.102288
7/15/2007,310.703491,293.367859,0.883903
8/15/2007,307.672729,290.414154,1.629545
9/15/2007,305.685883,289.810272,0.304797
10/15/2007,296.673401,283.143585,13.634528
11/15/2007,289.854126,278.901276,92.070007
12/15/2007,285.428497,274.982239,124.273911
1/15/2008,285.702789,276.451477,288.620819
2/15/2008,287.719696,277.41925,115.033958
3/15/2008,292.583557,280.012878,185.297028
4/15/2008,295.929474,281.656921,69.398415
5/15/2008,297.340881,285.411285,1.065591
6/15/2008,303.163483,287.98349,1.408479
7/15/2008,306.359924,289.787079,1.50699
8/15/2008,309.852203,293.038208,2.696975
9/15/2008,305.774719,288.455566,0
10/15/2008,302.536774,285.267578,78.01725
11/15/2008,293.604767,281.43045,52.888573
12/15/2008,285.311096,277.758728,92.145889
1/15/2009,288.591553,278.780914,22.458529
2/15/2009,288.250854,277.419312,186.566269
3/15/2009,291.921692,278.127136,94.187195
4/15/2009,301.878876,285.15625,2.072582
5/15/2009,303.556458,286.528992,13.515807
6/15/2009,309.429779,291.107086,1.641264
7/15/2009,311.46109,293.584076,2.691601
8/15/2009,308.337616,290.258728,1.369198
9/15/2009,307.280426,289.12027,3.34688
10/15/2009,300.119781,284.899323,35.795376
11/15/2009,293.359589,281.665222,51.317947
12/15/2009,285.733337,275.122772,134.249176
1/15/2010,288.2742,279.014587,5.730068
2/15/2010,286.863037,276.60968,72.447876
3/15/2010,290.107239,276.778107,69.48864
4/15/2010,298.540649,282.375,5.140906
5/15/2010,300.871674,285.398834,7.365971
6/15/2010,303.838196,287.652039,2.434369
7/15/2010,310.245667,292.479553,0
8/15/2010,307.014038,289.404236,2.623902
9/15/2010,305.74649,287.742157,1.260803
10/15/2010,303.20462,285.433685,11.661
11/15/2010,291.994781,278.975189,9.954574
12/15/2010,287.652893,275.593933,64.282791
1/15/2011,283.851166,273.929291,14.213381
2/15/2011,287.183105,273.953583,21.932619
3/15/2011,296.017792,282.459045,247.907639
4/15/2011,298.59903,282.69339,27.361557
5/15/2011,300.861694,283.476929,15.5762
6/15/2011,306.732483,288.321289,3.235866
7/15/2011,311.999603,294.394653,0.292377
8/15/2011,310.846649,293.175201,1.403635
9/15/2011,306.564484,288.356171,1.26525
10/15/2011,303.386383,285.117767,146.666702
11/15/2011,295.635773,281.760193,80.086311
12/15/2011,289.130341,278.970764,40.860168
1/15/2012,290.065369,277.184143,55.14159
2/15/2012,289.985779,277.358215,84.225433
3/15/2012,292.61441,280.38443,174.810349
4/15/2012,298.16449,282.440796,18.118223
5/15/2012,305.533569,288.182861,31.65173
6/15/2012,308.136566,291.310455,2.370728
7/15/2012,311.798798,294.962494,0
8/15/2012,310.150238,293.176849,2.748332
9/15/2012,305.635162,288.97818,20.311102
10/15/2012,300.92926,285.782227,7.110405
11/15/2012,293.195709,280.885651,186.600861
12/15/2012,290.07312,279.982941,141.602448
1/15/2013,289.990753,280.683411,29.608561
2/15/2013,289.592834,280.269287,9.23309
3/15/2013,290.118073,278.392792,131.628967
4/15/2013,300.842743,284.403839,17.203037
5/15/2013,302.164185,286.698975,10.063584
6/15/2013,307.64566,289.431641,1.007036
7/15/2013,310.392548,293.328888,0.587908
8/15/2013,310.259125,292.134247,2.221852
9/15/2013,306.548279,289.984222,1.258207
10/15/2013,302.998077,286.385956,25.033752
11/15/2013,290.445312,277.775238,21.367727
12/15/2013,284.415161,275.777374,71.457443
1/15/2014,287.625,280.25473,88.530487
2/15/2014,290.528259,279.529755,66.100914
3/15/2014,289.975433,279.171417,41.324375
4/15/2014,298.507446,282.901031,78.953598
5/15/2014,305.949829,289.455078,0.59199
6/15/2014,307.454376,289.47403,2.779823
7/15/2014,308.969543,292.072693,0
8/15/2014,308.782562,291.91275,0.870982
9/15/2014,304.246002,289.796814,0.302391
10/15/2014,302.527344,287.09314,28.828043
11/15/2014,288.856079,278.147064,53.811153
12/15/2014,287.653748,277.617065,53.542439
1/15/2015,287.96051,278.727966,132.220596
2/15/2015,287.435486,276.521301,119.368187
3/15/2015,294.885925,281.818878,128.442261
4/15/2015,298.284332,282.24826,46.497723
5/15/2015,304.041412,287.302307,1.685682
6/15/2015,306.531616,288.355347,0.870961
7/15/2015,311.63855,293.804413,0.315315
8/15/2015,309.282196,291.491119,0.572669
9/15/2015,305.287964,288.807617,0.933602
10/15/2015,298.677307,282.092987,8.199833
11/15/2015,296.355621,282.473969,35.980541
12/15/2015,287.062439,275.228638,26.527414
1/15/2016,287.094269,275.916992,191.924713
2/15/2016,288.799255,275.708771,140.92514
3/15/2016,292.485382,281.638336,99.86544
4/15/2016,294.896301,280.332031,88.834206
5/15/2016,300.019409,283.993744,33.561703
6/15/2016,306.179291,287.543304,17.788061
7/15/2016,311.047607,293.644714,2.24696
8/15/2016,311.00296,293.925415,2.049294
9/15/2016,306.079285,289.184357,28.261847
10/15/2016,300.019562,284.571594,21.319378
11/15/2016,292.989624,279.590027,93.447586
12/15/2016,281.920837,271.782379,52.11042
1/15/2017,289.88736,280.618927,272.365936
2/15/2017,293.043427,279.613037,25.958
3/15/2017,290.230133,279.605377,107.442543
4/15/2017,295.546448,281.468536,93.568359
5/15/2017,307.45578,290.472931,7.947272
6/15/2017,305.216827,287.164886,0.654072
7/15/2017,306.973267,289.460022,1.212585
8/15/2017,310.604492,293.154968,1.796084
9/15/2017,304.149048,287.193054,2.016634
10/15/2017,299.714996,284.398804,2.187169
11/15/2017,291.942688,280.942841,39.175098
12/15/2017,286.523376,277.401062,0.529358
1/15/2018,289.133453,279.038208,9.667529
2/15/2018,288.952271,279.007111,32.073551
3/15/2018,292.38147,278.360291,62.450272
4/15/2018,295.751678,281.883881,10.994525
5/15/2018,300.499542,285.832397,3.141553
6/15/2018,304.973541,288.065002,0.307302
7/15/2018,307.475922,289.830383,2.606322
8/15/2018,310.852356,293.300476,1.799845
9/15/2018,305.112305,287.79953,0.597861
10/15/2018,299.21521,283.825439,1.99227
11/15/2018,290.98349,280.04538,78.481384
12/15/2018,286.378448,275.012756,43.64156
1/15/2019,289.102203,279.086792,0.829014
2/15/2019,286.054688,276.293793,19.543114
3/15/2019,288.594086,277.668427,73.162949
4/15/2019,295.582214,281.813171,10.176687
5/15/2019,300.384247,284.925018,31.38983
6/15/2019,310.519043,293.078217,3.213518
7/15/2019,309.650726,291.831573,0
8/15/2019,310.764069,293.154297,0
9/15/2019,305.573425,287.8703,2.674057
10/15/2019,299.555542,285.170166,2.741205
11/15/2019,293.390533,281.600433,23.224873
12/15/2019,286.085785,276.24826,110.999474
1/15/2020,288.89566,277.143433,77.023987
2/15/2020,288.768585,278.477966,106.712769
3/15/2020,290.062805,279.326447,13.704569
4/15/2020,297.943085,281.873627,30.408791
5/15/2020,302.697601,286.528717,23.399033
6/15/2020,302.77121,286.482605,2.418315
7/15/2020,309.17749,291.6315,1.109463
8/15/2020,308.024689,290.14389,3.594416
9/15/2020,308.433441,289.852875,4.72332
10/15/2020,298.83313,282.436829,41.744526
11/15/2020,290.941193,279.978912,111.685234
12/15/2020,288.229309,276.80603,82.852859
1/15/2021,287.407593,276.592255,68.15686
2/15/2021,288.479218,276.635193,89.338791
3/15/2021,289.232971,276.10199,85.189133
4/15/2021,293.165131,278.137543,27.913792
5/15/2021,302.455841,284.569214,7.471264
6/15/2021,309.682098,290.870087,19.305523
7/15/2021,310.383423,292.817017,0
8/15/2021,310.099335,292.635345,0.932816
9/15/2021,306.329926,290.178986,0.285311
10/15/2021,302.571808,286.956848,54.845734
11/15/2021,293.274384,279.896149,81.395721
12/15/2021,282.596405,271.42215,34.549011
1/15/2022,284.163116,273.350739,11.966314
2/15/2022,284.459412,273.000305,110.510368
3/15/2022,288.772064,276.210754,123.082855
4/15/2022,294.870941,280.685242,54.234364
5/15/2022,298.752411,284.148407,0
6/15/2022,304.685852,287.496735,0.283224
7/15/2022,308.856842,291.959625,0
8/15/2022,310.434052,293.216614,6.022694
9/15/2022,305.596375,288.562073,3.186444
10/15/2022,301.284546,284.21106,0
11/15/2022,294.008698,280.628204,174.901657
12/15/2022,291.031372,279.058868,19.937744
1/15/2023,287.599457,277.234955,18.221407
2/15/2023,287.529083,278.15033,30.035782
3/15/2023,294.309723,281.408112,9.949252
4/15/2023,292.123871,279.2659,3.620605
5/15/2023,297.984924,283.489624,6.661137
6/15/2023,303.469116,286.734039,16.559151
7/15/2023,309.19458,291.67511,0
8/15/2023,309.497101,291.731384,1.586196
9/15/2023,305.348267,287.858704,1.707983
10/15/2023,300.967621,285.065216,37.045769
11/15/2023,295.241638,282.130585,22.311043
12/15/2023,291.568481,279.100861,448.66568
1/15/2024,293.573395,281.751556,5.044247
2/15/2024,290.864441,278.974487,213.610428
3/15/2024,294.964722,280.235535,172.358994
4/15/2024,300.146576,283.497589,21.683298
5/15/2024,304.571625,287.162018,1.56574
6/15/2024,307.985077,289.026581,0.46517
7/15/2024,311.942719,293.932312,0
8/15/2024,310.316742,293.377716,0.577775
9/15/2024,304.418335,286.195038,11.406713
10/15/2024,301.799286,284.609436,9.157816
11/15/2024,296.181458,282.674225,8.971818
12/15/2024,290.811371,278.911743,4.707872
1/15/2025,287.350861,276.08316,25.872646
2/15/2025,288.232239,277.575409,239.439362
3/15/2025,290.487488,277.462433,27.994499
4/15/2025,294.778137,279.988586,160.468857
5/15/2025,302.417572,284.912506,17.756836
6/15/2025,307.870972,289.819275,5.30622
7/15/2025,311.035614,293.706451,0
8/15/2025,311.494965,293.681915,1.919816
9/15/2025,306.307648,288.242249,0.295174
10/15/2025,302.184998,286.301849,1.499585
11/15/2025,289.396088,279.123566,27.669998
12/15/2025,282.225128,272.13324,196.389862
1/15/2026,285.872162,274.903931,1.497784
2/15/2026,287.372375,273.913269,212.429382
3/15/2026,294.623322,279.695129,66.341057
4/15/2026,298.36084,283.376984,15.025663
5/15/2026,302.034027,285.672028,13.232916
6/15/2026,305.011841,286.668549,0.916185
7/15/2026,311.80835,295.016388,3.159003
8/15/2026,310.779938,293.227203,1.482806
9/15/2026,307.712555,289.035431,0.817295
10/15/2026,301.691986,285.386963,1.97459
11/15/2026,288.389984,277.421967,8.486367
12/15/2026,289.084778,279.275024,71.48188
1/15/2027,288.42981,279.490509,122.326736
2/15/2027,289.775177,281.756592,224.124664
3/15/2027,294.24054,282.163361,5.869462
4/15/2027,299.830261,283.815002,71.32814
5/15/2027,302.168823,286.900848,32.033825
6/15/2027,305.332031,289.480469,2.278107
7/15/2027,306.708282,290.014008,0.279507
8/15/2027,309.393097,293.482697,1.226216
9/15/2027,307.560425,290.009857,13.656413
10/15/2027,299.71875,285.09314,3.928906
11/15/2027,294.600403,283.242523,38.946884
12/15/2027,289.07605,277.460938,57.866108
1/15/2028,285.742126,274.513519,16.336502
2/15/2028,284.382111,273.542694,0
3/15/2028,287.928345,276.118256,13.187445
4/15/2028,295.645905,280.690918,129.576385
5/15/2028,299.671448,283.433167,26.729937
6/15/2028,307.495331,289.765411,0.874194
7/15/2028,312.055237,294.328522,0
8/15/2028,309.690155,292.588226,1.358922
9/15/2028,306.941193,288.731354,20.932224
10/15/2028,302.001587,285.790009,5.043375
11/15/2028,292.634094,281.374878,122.251648
12/15/2028,290.554474,281.339935,13.7629
1/15/2029,286.299744,278.384644,85.434052
2/15/2029,292.024017,282.502045,46.566711
3/15/2029,292.670471,281.825745,42.982143
4/15/2029,298.969818,284.048218,68.977249
5/15/2029,300.051483,284.815063,0.432391
6/15/2029,305.930084,288.533752,46.977661
7/15/2029,310.539734,292.771027,0.580679
8/15/2029,310.875763,293.194397,1.256859
9/15/2029,307.507263,291.030914,1.00846
10/15/2029,298.937866,284.218079,68.030807
11/15/2029,289.044647,277.537109,24.083151
12/15/2029,286.341522,276.490021,130.142593
1/15/2030,290.479584,279.56778,10.126787
2/15/2030,290.963196,280.628601,178.010941
3/15/2030,295.682709,283.748169,47.221977
4/15/2030,294.087891,281.301636,73.513924
5/15/2030,300.382111,284.260376,20.161402
6/15/2030,307.721741,290.134827,0.960528
7/15/2030,309.059601,291.83371,0
8/15/2030,310.501038,292.002655,0.611637
9/15/2030,305.157288,289.26593,1.670504
10/15/2030,303.43158,286.478271,0
11/15/2030,293.482513,282.266724,78.755554
12/15/2030,288.664795,279.544647,30.43572
1/15/2031,287.116913,277.841461,164.480728
2/15/2031,292.320953,280.624481,78.123268
3/15/2031,291.02655,279.435822,113.558548
4/15/2031,290.838959,278.323578,7.712827
5/15/2031,300.524323,285.90625,5.007447
6/15/2031,306.371277,289.380676,0.896397
7/15/2031,311.137451,293.187592,0.283582
8/15/2031,311.263611,293.841034,3.555856
9/15/2031,307.166443,290.663971,0.289641
10/15/2031,297.203125,283.820496,13.932881
11/15/2031,294.357269,281.729614,41.893887
12/15/2031,290.421478,278.535736,1.384815
1/15/2032,291.104828,279.603516,20.916586
2/15/2032,290.779144,280.221588,74.620544
3/15/2032,295.196594,281.064453,91.894241
4/15/2032,298.600433,282.571899,6.073424
5/15/2032,306.97641,288.981293,0
6/15/2032,308.81955,290.317444,22.127914
7/15/2032,310.261993,293.889099,0.595617
8/15/2032,308.122375,290.421112,1.961364
9/15/2032,307.118713,288.795074,6.651381
10/15/2032,301.936615,286.234558,26.86467
11/15/2032,289.149506,280.384857,49.376575
12/15/2032,289.03067,279.983337,5.055137
1/15/2033,290.291565,280.530823,303.129425
2/15/2033,290.635071,281.183411,63.036541
3/15/2033,290.713959,277.287506,255.767532
4/15/2033,297.04422,281.62027,43.390091
5/15/2033,299.474396,285.545593,14.219717
6/15/2033,306.903717,291.077423,0.757859
7/15/2033,309.469208,292.4263,0.288302
8/15/2033,311.026703,293.225922,2.843122
9/15/2033,306.901459,288.632446,83.202194
10/15/2033,300.701141,284.763641,9.071698
11/15/2033,288.589294,277.614319,62.399651
12/15/2033,285.665741,274.750214,207.052261
1/15/2034,288.087006,277.204315,272.586945
2/15/2034,287.983368,274.434692,16.208258
3/15/2034,294.354034,281.031128,78.823578
4/15/2034,294.441772,282.941406,35.493011
5/15/2034,303.728546,287.133667,3.108857
6/15/2034,306.620819,290.116638,7.395439
7/15/2034,311.558197,293.691498,0
8/15/2034,312.554443,294.88092,5.17414
9/15/2034,305.987976,288.379425,1.683169
10/15/2034,303.546356,285.481873,0.582243
11/15/2034,290.17981,279.163513,0.976009
12/15/2034,288.792755,276.646851,68.463226
1/15/2035,288.962738,279.655365,15.345858
2/15/2035,290.628967,281.346497,37.468636
3/15/2035,293.978058,280.092438,28.218845
4/15/2035,295.587524,280.794586,21.591925
5/15/2035,301.207062,285.660522,12.973825
6/15/2035,307.849396,289.863953,11.595881
7/15/2035,312.61795,294.813873,0
8/15/2035,310.968506,293.694061,2.26847
9/15/2035,306.895966,289.519897,5.672701
10/15/2035,300.356079,284.8815,0.291846
11/15/2035,293.791321,282.045776,18.521109
12/15/2035,288.028137,277.388489,74.839417
1/15/2036,287.068329,275.675385,480.836212
2/15/2036,284.263702,272.37735,88.136009
3/15/2036,292.376556,278.28183,346.477264
4/15/2036,297.067657,280.651428,41.143539
5/15/2036,304.984894,287.202393,37.392986
6/15/2036,308.708191,290.662659,0.287038
7/15/2036,312.85434,294.983063,1.29205
8/15/2036,311.770447,294.578186,0.5857
9/15/2036,306.988678,289.815369,0
10/15/2036,301.384003,285.680878,48.855991
11/15/2036,294.425751,281.735138,102.90696
12/15/2036,290.214722,277.733704,58.718006
1/15/2037,290.575043,280.272308,127.181381
2/15/2037,295.687805,283.286774,56.059708
3/15/2037,297.298157,283.004944,107.901833
4/15/2037,298.324524,281.831543,38.814552
5/15/2037,305.909821,288.374542,11.902743
6/15/2037,310.690613,292.419708,0.369499
7/15/2037,312.113861,294.88324,0
8/15/2037,311.132965,293.667236,0.302435
9/15/2037,307.090637,288.545685,1.764116
10/15/2037,303.85144,286.187164,0
11/15/2037,298.871918,284.019318,6.260503
12/15/2037,291.850616,280.100708,40.532841
1/15/2038,289.732422,277.360657,72.698189
2/15/2038,290.843323,278.315521,9.706716
3/15/2038,292.601685,278.916229,145.40947
4/15/2038,299.326111,284.674011,68.043129
5/15/2038,300.396332,283.866058,39.732929
6/15/2038,309.908051,291.677582,4.248954
7/15/2038,312.727417,295.062653,0.735954
8/15/2038,310.761749,293.545258,0.302682
9/15/2038,308.33548,290.263794,2.116641
10/15/2038,303.995239,286.527161,32.435574
11/15/2038,293.404907,282.512268,47.998451
12/15/2038,287.675934,280.247894,12.704121
1/15/2039,287.77948,277.589264,10.018229
2/15/2039,289.680023,279.740509,22.22463
3/15/2039,288.479431,278.567413,125.680084
4/15/2039,291.74939,279.078247,126.807899
5/15/2039,300.912872,286.06015,3.894232
6/15/2039,306.2034,289.363495,26.777111
7/15/2039,308.575989,291.397156,0
8/15/2039,311.202423,293.919769,0
9/15/2039,304.537903,288.912903,2.312751
10/15/2039,301.830627,286.05188,108.401207
11/15/2039,294.841949,281.619659,84.642563
12/15/2039,287.919952,277.396698,124.919922
1/15/2040,284.916779,274.387268,377.297729
2/15/2040,288.400665,276.125549,105.755074
3/15/2040,293.573181,281.307861,63.346298
4/15/2040,294.546539,280.903931,32.077038
5/15/2040,298.474518,283.555298,5.06392
6/15/2040,307.600708,290.325043,1.287145
7/15/2040,312.371094,294.042755,0.318535
8/15/2040,309.448181,291.05191,0.570687
9/15/2040,306.571136,288.909851,34.997826
10/15/2040,302.984314,286.416565,12.474047
11/15/2040,289.468353,278.93277,79.697876
12/15/2040,284.40213,275.40799,7.793384
1/15/2041,287.744659,277.403442,36.592094
2/15/2041,290.914764,281.709686,156.350815
3/15/2041,295.006836,282.080261,75.453377
4/15/2041,294.533844,282.453613,152.412582
5/15/2041,301.180359,285.374023,49.987156
6/15/2041,307.287933,290.025208,0.608168
7/15/2041,308.313141,293.521912,2.391665
8/15/2041,309.496033,292.944519,6.440807
9/15/2041,306.290924,289.625183,1.811579
10/15/2041,305.004822,287.695099,53.545822
11/15/2041,298.158508,284.847961,97.663704
12/15/2041,290.488037,278.223114,6.217927
1/15/2042,288.203766,279.928314,130.342514
2/15/2042,288.652405,279.738831,122.461884
3/15/2042,291.430328,279.027557,138.064926
4/15/2042,299.203522,283.562073,46.224266
5/15/2042,302.933228,286.15213,8.340259
6/15/2042,304.855438,289.463287,0.899104
7/15/2042,308.585358,292.394165,4.516798
8/15/2042,309.694183,291.562653,2.072757
9/15/2042,307.262665,290.431824,2.583549
10/15/2042,305.161774,289.279938,103.904793
11/15/2042,295.942078,283.249939,33.681412
12/15/2042,286.851776,276.839508,25.570572
1/15/2043,288.997101,276.962097,38.239208
2/15/2043,292.895111,282.231537,32.759617
3/15/2043,291.070374,279.193817,162.27005
4/15/2043,296.54361,280.352264,61.605362
5/15/2043,303.669128,287.535278,25.888243
6/15/2043,307.74939,289.069305,1.291856
7/15/2043,311.650177,294.225128,1.591844
8/15/2043,310.609985,292.916779,2.21462
9/15/2043,307.610046,290.390656,0.896108
10/15/2043,302.669495,285.557373,33.01749
11/15/2043,289.873413,278.456177,42.363808
12/15/2043,285.866882,276.476959,33.427731
1/15/2044,288.998108,278.751556,344.322021
2/15/2044,294.799133,281.598694,195.175247
3/15/2044,297.407379,283.162048,47.935902
4/15/2044,299.307037,283.445007,113.358437
5/15/2044,303.434418,285.936066,18.657053
6/15/2044,308.024414,289.799255,1.526961
7/15/2044,312.542572,295.052643,0.285728
8/15/2044,312.837128,295.238556,0.616758
9/15/2044,305.274231,289.589813,1.41799
10/15/2044,303.114288,286.340942,41.661152
11/15/2044,297.176086,283.343628,6.595225
12/15/2044,293.676086,282.365692,30.445028
1/15/2045,288.696503,280.25882,6.805442
2/15/2045,294.325684,282.941925,135.14061
3/15/2045,293.235596,281.937164,1.644802
4/15/2045,298.999725,284.156219,2.139409
5/15/2045,302.934052,286.601166,0.814168
6/15/2045,303.965302,288.303284,0
7/15/2045,312.376953,294.699036,1.665021
8/15/2045,310.207825,292.485046,2.497097
9/15/2045,307.496979,289.514771,5.537969
10/15/2045,300.996979,284.991333,7.021224
11/15/2045,296.329559,282.419098,170.26091
12/15/2045,285.912964,276.119385,34.875889
1/15/2046,290.62973,278.714752,44.17992
2/15/2046,292.267792,279.953979,252.766983
3/15/2046,292.667053,280.494568,155.911865
4/15/2046,299.309113,284.739075,79.348717
5/15/2046,306.534271,288.970642,16.974909
6/15/2046,308.423767,289.947754,0.302773
7/15/2046,312.369598,294.952942,0.57167
8/15/2046,311.615234,294.385284,6.56798
9/15/2046,309.944855,291.755951,15.962366
10/15/2046,304.078796,287.511414,9.548919
11/15/2046,294.804352,281.623657,80.038734
12/15/2046,290.582336,279.497925,7.315532
1/15/2047,290.860596,278.792084,8.254758
2/15/2047,286.600433,273.926697,15.170466
3/15/2047,294.069946,279.588043,13.019379
4/15/2047,298.50766,282.97644,8.212868
5/15/2047,306.183563,288.588562,9.963113
6/15/2047,307.323578,288.45459,0
7/15/2047,312.246979,294.191254,0
8/15/2047,311.653687,294.712433,1.496476
9/15/2047,308.668243,290.722534,57.94215
10/15/2047,304.010864,286.610382,41.48336
11/15/2047,295.637329,282.616516,26.28969
12/15/2047,287.98468,276.776398,20.407736
1/15/2048,289.848541,278.365967,19.743322
2/15/2048,291.633728,281.737122,16.437368
3/15/2048,286.953339,275.517456,44.079735
4/15/2048,299.163452,282.760834,7.649817
5/15/2048,300.323456,285.169403,1.37549
6/15/2048,303.530914,287.303772,71.234879
7/15/2048,310.532288,292.750793,0.88953
8/15/2048,310.795471,293.522461,2.126963
9/15/2048,307.475006,291.158539,0.800924
10/15/2048,300.081451,285.014465,97.457909
11/15/2048,292.28479,280.84201,16.288019
12/15/2048,290.247406,281.090607,14.725874
1/15/2049,287.098663,278.531586,43.883148
2/15/2049,287.51825,278.225708,66.71991
3/15/2049,293.891663,282.66391,231.457962
4/15/2049,296.50882,283.45575,128.993805
5/15/2049,302.860779,287.081848,20.825972
6/15/2049,302.5737,287.724457,0.514256
7/15/2049,311.553986,293.482239,2.63121
8/15/2049,311.324554,293.31897,2.936364
9/15/2049,306.594055,289.80484,2.856247
10/15/2049,298.137146,283.355133,67.496307
11/15/2049,291.937653,279.614227,2.657789
12/15/2049,290.63208,278.780914,136.604263
1/15/2050,290.574036,280.010315,98.00074
2/15/2050,293.316681,281.995697,38.06192
3/15/2050,294.356995,280.532898,104.437531
4/15/2050,298.024506,283.030182,20.984627
5/15/2050,304.779877,287.345062,8.946601
6/15/2050,307.008026,288.477631,1.72498
7/15/2050,313.597351,295.442657,0.893749
8/15/2050,310.720062,292.977814,1.683477
9/15/2050,307.812958,291.161682,2.438398
10/15/2050,300.219147,285.181763,3.412689
11/15/2050,291.999237,280.000183,88.060707
12/15/2050,291.126556,279.741638,51.871536
1/15/2051,292.352112,281.260223,57.763348
2/15/2051,287.962433,276.55307,78.87738
3/15/2051,292.86087,279.724731,61.943562
4/15/2051,302.527771,286.263367,10.444542
5/15/2051,304.779602,288.122009,5.16557
6/15/2051,307.195038,289.542694,19.632898
7/15/2051,312.582275,294.646118,0.28015
8/15/2051,310.499084,292.45929,1.816542
9/15/2051,304.535919,287.078949,0.399613
10/15/2051,300.067902,284.391907,26.424259
11/15/2051,293.918335,281.581726,9.221373
12/15/2051,286.818878,275.853729,88.861771
1/15/2052,286.654724,275.429901,65.310158
2/15/2052,288.170105,276.595215,34.018063
3/15/2052,291.44931,280.8302,31.019642
4/15/2052,298.170258,283.970764,43.840168
5/15/2052,304.720734,288.251709,8.139219
6/15/2052,304.662964,287.948578,1.192972
7/15/2052,313.070099,295.674561,0.6195
8/15/2052,310.02121,292.506592,1.813848
9/15/2052,307.360046,289.714569,5.809484
10/15/2052,300.466095,284.524323,23.868055
11/15/2052,294.125977,281.038208,65.371086
12/15/2052,284.505737,274.926941,242.695404
1/15/2053,287.374603,277.685822,64.556038
2/15/2053,290.055359,278.355408,137.296265
3/15/2053,298.631104,285.381897,86.377121
4/15/2053,296.758484,283.531708,30.74271
5/15/2053,305.108185,289.079956,71.67247
6/15/2053,307.801086,290.356903,48.672863
7/15/2053,309.44104,292.627838,0.90923
8/15/2053,311.31665,293.661285,0
9/15/2053,305.10553,287.691132,8.092236
10/15/2053,298.686096,283.803436,2.634719
11/15/2053,290.863464,280.320374,16.070034
12/15/2053,286.675049,276.376251,186.706985
1/15/2054,291.012817,279.478149,310.475555
2/15/2054,293.025726,282.057556,227.455368
3/15/2054,291.482086,279.817596,43.835682
4/15/2054,302.636414,285.908081,49.075161
5/15/2054,305.500671,288.745972,9.089474
6/15/2054,307.710022,290.289429,2.213849
7/15/2054,312.078064,294.417236,1.10142
8/15/2054,310.547577,293.006042,3.960048
9/15/2054,309.311066,292.243622,8.235452
10/15/2054,305.802277,289.180786,33.365116
11/15/2054,291.924866,281.543243,41.698082
12/15/2054,289.084442,276.997162,31.583504
1/15/2055,291.156708,280.98288,291.443787
2/15/2055,288.558319,278.475128,134.447342
3/15/2055,293.989563,282.463715,58.736168
4/15/2055,293.615906,280.096832,7.732915
5/15/2055,304.748688,288.509399,45.572369
6/15/2055,308.691589,291.160614,9.743313
7/15/2055,311.413361,293.645966,0
8/15/2055,310.742462,293.11969,6.877978
9/15/2055,306.621979,289.233215,1.676983
10/15/2055,303.192322,285.818115,0.369123
11/15/2055,295.866333,282.287598,23.999399
12/15/2055,287.308289,277.867004,147.910034
1/15/2056,288.924835,277.517212,16.445786
2/15/2056,291.218842,278.78891,62.386162
3/15/2056,299.734436,286.071411,194.46138
4/15/2056,296.125671,281.660278,243.785583
5/15/2056,303.12265,288.327209,5.562007
6/15/2056,308.254059,290.851624,10.288939
7/15/2056,311.764923,293.588226,2.170441
8/15/2056,309.865631,292.806366,0
9/15/2056,304.032684,286.45694,13.034964
10/15/2056,303.740326,287.088654,4.839541
11/15/2056,298.293274,283.784149,67.961685
12/15/2056,289.729736,280.442963,98.268219
1/15/2057,287.760132,276.295807,270.815613
2/15/2057,290.772125,278.485504,349.456116
3/15/2057,289.254822,278.984528,96.132034
4/15/2057,296.080109,281.385132,94.720711
5/15/2057,304.376495,287.769196,23.639565
6/15/2057,310.488495,292.823517,5.279341
7/15/2057,310.791046,292.933258,0.289374
8/15/2057,311.689453,293.948547,2.406052
9/15/2057,308.475067,291.107452,4.070111
10/15/2057,298.652008,282.040405,0.334544
11/15/2057,294.833435,281.533417,97.518044
12/15/2057,287.054688,277.151794,211.946518
1/15/2058,287.771179,277.690948,52.557537
2/15/2058,293.431915,282.650299,208.444275
3/15/2058,290.645111,279.133514,23.880852
4/15/2058,297.598114,282.475952,55.519909
5/15/2058,302.72876,287.411743,68.300781
6/15/2058,306.570343,288.801697,12.574929
7/15/2058,311.694855,293.974884,2.307627
8/15/2058,311.647125,294.066071,4.704967
9/15/2058,307.302582,289.79071,5.012431
10/15/2058,301.725708,285.35318,25.929968
11/15/2058,295.029358,283.201141,44.883339
12/15/2058,288.455231,278.921478,35.948498
1/15/2059,288.842468,279.251282,169.295303
2/15/2059,291.020294,279.758881,219.236862
3/15/2059,290.498657,279.039368,110.881386
4/15/2059,298.645813,282.770325,50.333542
5/15/2059,305.222198,288.813904,53.862549
6/15/2059,307.296875,290.571716,1.000612
7/15/2059,309.230042,293.022461,0
8/15/2059,312.066406,294.409271,2.559415
9/15/2059,306.533081,289.139709,0.313938
10/15/2059,301.750153,285.293091,0
11/15/2059,297.053558,283.619812,11.833975
12/15/2059,287.756439,277.36673,147.815552
1/15/2060,289.746124,279.309784,48.22681
2/15/2060,292.846405,281.009766,64.142776
3/15/2060,291.961029,280.722687,189.483124
4/15/2060,289.190582,278.255798,19.062618
5/15/2060,300.056183,284.944519,20.948727
6/15/2060,306.611938,289.337097,0.593387
7/15/2060,311.259552,294.021637,0.57327
8/15/2060,311.867065,294.795502,2.50702
9/15/2060,306.417999,289.389526,1.40341
10/15/2060,297.858795,284.585815,1.52099
11/15/2060,292.130554,280.987579,84.616585
12/15/2060,288.390961,278.895325,20.926765
1/15/2061,288.341339,278.874359,231.196976
2/15/2061,290.770905,279.888885,82.643356
3/15/2061,291.409393,276.822418,82.212341
4/15/2061,294.561554,281.061005,16.792017
5/15/2061,299.638794,285.124084,0
6/15/2061,307.727112,290.899902,0.600376
7/15/2061,311.71402,294.753815,13.033843
8/15/2061,310.618164,293.698975,1.172528
9/15/2061,308.117645,290.635315,1.922946
10/15/2061,302.303314,288.313599,12.211987
11/15/2061,288.413116,277.681122,86.676445
12/15/2061,288.553101,277.025085,27.746193
1/15/2062,288.615631,278.709259,51.054798
2/15/2062,290.936523,279.958801,156.481873
3/15/2062,295.98587,283.385406,134.24408
4/15/2062,298.570923,284.660217,26.551525
5/15/2062,304.3927,287.190948,0.920807
6/15/2062,306.922821,288.251038,27.043928
7/15/2062,313.80188,295.281921,0
8/15/2062,311.434418,293.421814,0
9/15/2062,309.39801,292.456482,0.892789
10/15/2062,305.203552,288.59552,5.202363
11/15/2062,290.07074,280.343323,97.548759
12/15/2062,287.026031,276.472504,7.838528
1/15/2063,284.616608,275.678925,93.587524
2/15/2063,292.729218,279.731171,54.069633
3/15/2063,288.705841,275.635071,6.419142
4/15/2063,294.443024,280.784393,39.693081
5/15/2063,303.616913,287.944916,0
6/15/2063,306.230103,288.41748,1.516699
7/15/2063,309.933289,294.045502,6.475612
8/15/2063,311.773132,294.685791,0.850688
9/15/2063,305.432678,287.570312,14.331072
10/15/2063,304.615417,287.777618,41.71516
11/15/2063,290.534027,279.718048,17.867311
12/15/2063,289.133026,276.737152,72.656815
1/15/2064,287.503815,277.172882,301.299438
2/15/2064,292.898621,279.35968,32.921028
3/15/2064,295.676361,282.244751,206.790329
4/15/2064,297.671204,282.853607,3.936043
5/15/2064,300.706268,285.046997,143.247604
6/15/2064,308.508667,290.560547,2.359813
7/15/2064,312.926086,295.508514,1.177362
8/15/2064,310.404236,292.674286,2.006633
9/15/2064,307.211243,290.050995,17.447701
10/15/2064,299.651794,286.521454,21.111609
11/15/2064,289.470001,279.396942,0.297531
12/15/2064,290.613861,279.868134,5.680208
1/15/2065,291.022583,279.731812,22.745136
2/15/2065,295.566711,281.952576,9.331556
3/15/2065,291.296051,276.793854,43.516605
4/15/2065,297.472321,281.956268,21.997675
5/15/2065,303.24469,286.226105,64.323059
6/15/2065,307.400543,288.182953,1.888186
7/15/2065,311.971893,296.171631,1.280787
8/15/2065,311.139893,294.03891,1.261754
9/15/2065,308.240204,291.115692,1.723115
10/15/2065,304.10614,287.094269,171.154343
11/15/2065,295.823883,282.999023,25.301588
12/15/2065,290.829407,277.734283,212.081512
1/15/2066,287.858429,277.609558,46.642151
2/15/2066,288.7117,278.757385,0.782193
3/15/2066,295.565186,283.161652,86.646065
4/15/2066,299.512146,283.857544,15.04355
5/15/2066,305.116119,288.53421,41.816872
6/15/2066,305.013275,288.816681,5.273498
7/15/2066,311.651398,294.311066,1.131013
8/15/2066,310.130341,292.471771,5.261915
9/15/2066,306.39801,290.882812,4.973635
10/15/2066,300.689117,286.462769,1.911959
11/15/2066,292.860016,280.109711,69.686874
12/15/2066,289.959656,279.271179,8.195814
1/15/2067,287.665833,277.63266,194.763916
2/15/2067,289.843414,280.251373,44.47377
3/15/2067,292.647064,280.543732,25.296627
4/15/2067,301.638062,285.232239,47.498051
5/15/2067,305.313385,288.858215,19.435452
6/15/2067,308.748474,290.732056,4.740024
7/15/2067,309.292816,291.266174,0.975884
8/15/2067,311.175415,294.359436,1.753142
9/15/2067,307.172333,290.636688,9.507578
10/15/2067,298.924377,284.088745,1.393276
11/15/2067,291.740265,280.55658,26.08182
12/15/2067,288.872955,276.683899,38.851406
1/15/2068,288.874481,278.693787,3.696073
2/15/2068,290.149872,280.028107,135.785248
3/15/2068,291.329376,279.884949,89.607414
4/15/2068,292.477722,279.237183,6.26761
5/15/2068,299.636627,284.492554,3.65837
6/15/2068,307.437469,288.916901,0.921044
7/15/2068,313.048584,295.399139,13.010659
8/15/2068,312.043335,294.031219,4.984559
9/15/2068,306.372498,288.43399,34.404121
10/15/2068,299.735443,283.25061,53.440948
11/15/2068,298.12619,282.554016,18.581421
12/15/2068,286.342987,275.113831,25.647253
1/15/2069,289.317169,278.114075,157.078186
2/15/2069,295.22052,281.556152,1.574599
3/15/2069,294.625305,279.701813,39.668831
4/15/2069,299.577454,282.419586,71.698174
5/15/2069,302.30072,285.394257,2.760451
6/15/2069,308.18927,289.240784,0.725626
7/15/2069,313.041565,295.16925,0.882084
8/15/2069,310.791443,293.382233,1.727558
9/15/2069,308.976501,290.480743,0.281943
10/15/2069,301.18689,285.269226,59.50082
11/15/2069,298.723511,283.998596,131.150284
12/15/2069,290.188416,279.368683,36.858845
1/15/2070,289.362579,278.661987,49.596397
2/15/2070,293.06369,282.99762,44.58923
3/15/2070,293.77417,281.620331,5.751748
4/15/2070,297.993835,282.360535,100.37252
5/15/2070,301.603851,285.312531,3.784461
6/15/2070,310.054901,291.552338,1.219434
7/15/2070,314.082062,296.625336,0
8/15/2070,311.19751,294.183655,1.769714
9/15/2070,306.420227,288.182465,44.800766
10/15/2070,302.999969,286.478271,59.188198
11/15/2070,297.829773,283.617249,13.018661
12/15/2070,288.261017,279.560089,56.023022
1/15/2071,289.47348,279.685333,175.793915
2/15/2071,294.009583,282.847107,26.089596
3/15/2071,291.410339,280.222717,204.743988
4/15/2071,298.13916,284.325317,3.595225
5/15/2071,299.697052,286.286957,90.452301
6/15/2071,304.148285,288.695129,5.04843
7/15/2071,311.281555,294.099518,1.681646
8/15/2071,309.032623,291.057281,2.169742
9/15/2071,307.141205,289.398468,0
10/15/2071,298.712708,284.598114,19.359896
11/15/2071,293.470337,280.558502,5.47186
12/15/2071,288.499817,276.55304,66.155533
1/15/2072,290.670074,279.154877,303.405029
2/15/2072,293.047852,280.133179,10.940218
3/15/2072,289.317291,278.768433,99.072136
4/15/2072,295.636902,282.768707,224.011841
5/15/2072,302.325653,285.739594,0.966976
6/15/2072,307.756073,289.614258,2.915892
7/15/2072,308.918396,291.28125,1.941872
8/15/2072,311.082428,293.848694,1.294034
9/15/2072,300.333801,286.629822,0.615849
10/15/2072,301.111755,284.292755,33.268005
11/15/2072,297.470337,283.283478,7.656229
12/15/2072,288.378998,276.486694,92.355164
1/15/2073,288.488556,279.776184,77.373215
2/15/2073,290.042511,280.551514,99.533463
3/15/2073,295.602844,281.482788,164.534271
4/15/2073,296.241058,281.900848,4.440024
5/15/2073,302.869476,286.256317,14.177496
6/15/2073,303.490387,286.716278,29.846464
7/15/2073,312.596344,294.536194,0.898674
8/15/2073,312.425354,295.897278,1.830438
9/15/2073,307.170593,291.012268,1.712603
10/15/2073,298.811951,284.955536,6.719766
11/15/2073,293.706085,280.653168,136.378601
12/15/2073,288.158478,278.055115,78.356415
1/15/2074,290.513885,278.85257,141.12796
2/15/2074,286.618225,276.030823,3.823313
3/15/2074,291.67514,278.257019,60.35836
4/15/2074,299.905701,283.715027,5.325891
5/15/2074,303.499756,286.616302,16.372484
6/15/2074,310.133606,290.951355,1.196025
7/15/2074,312.744171,294.698547,1.180469
8/15/2074,310.915009,293.666168,2.595261
9/15/2074,306.01239,288.502655,8.526814
10/15/2074,302.063324,285.240509,2.522892
11/15/2074,296.218262,282.896088,19.322773
12/15/2074,290.605774,280.594604,59.853451
1/15/2075,290.510498,280.018005,53.50386
2/15/2075,290.787445,279.96991,108.820595
3/15/2075,292.637726,281.004944,3.53564
4/15/2075,291.703278,278.763336,17.41255
5/15/2075,304.613525,288.167084,39.635654
6/15/2075,310.113983,293.381256,3.551285
7/15/2075,312.012787,294.780365,0.301939
8/15/2075,311.271851,293.776215,1.740529
9/15/2075,304.315979,287.144806,1.305026
10/15/2075,301.904816,285.966064,48.542599
11/15/2075,295.170563,282.561829,144.233246
12/15/2075,288.682495,277.451691,69.596169
1/15/2076,288.173126,278.445343,99.638481
2/15/2076,294.337097,282.513947,87.933746
3/15/2076,296.811676,283.894409,31.774878
4/15/2076,292.667633,280.055847,52.896164
5/15/2076,298.602844,284.190521,1.99021
6/15/2076,302.872223,286.376556,0.859694
7/15/2076,309.953033,292.187073,0.412579
8/15/2076,312.597534,296.028107,1.69742
9/15/2076,309.885345,293.863586,0.530942
10/15/2076,303.359406,285.595306,9.801368
11/15/2076,291.15155,279.911285,104.160332
12/15/2076,287.894989,277.505981,30.864256
1/15/2077,288.559692,278.614685,138.907913
2/15/2077,289.112793,279.794922,57.483906
3/15/2077,291.963623,281.390625,82.142815
4/15/2077,298.146332,281.961945,23.16279
5/15/2077,299.565857,285.551666,0.378704
6/15/2077,306.560822,289.459106,0.896938
7/15/2077,312.139496,294.601593,0
8/15/2077,311.446655,294.492462,0.285591
9/15/2077,308.597961,290.27243,14.428242
10/15/2077,300.988281,284.836304,0
11/15/2077,289.058014,277.172974,136.832291
12/15/2077,288.010925,276.785828,68.789215
1/15/2078,288.172852,277.350494,18.226822
2/15/2078,286.780548,276.573883,129.177612
3/15/2078,293.887115,282.209686,153.582687
4/15/2078,299.478149,283.994659,118.69561
5/15/2078,304.387543,287.528931,17.315536
6/15/2078,302.533386,286.33316,0.613651
7/15/2078,311.680756,294.032074,1.077066
8/15/2078,312.553345,295.093018,3.616167
9/15/2078,308.052795,289.915314,3.402626
10/15/2078,302.714996,286.152435,79.980942
11/15/2078,291.258087,278.934753,87.692474
12/15/2078,284.763123,275.809662,121.519035
1/15/2079,286.741394,276.988892,64.111702
2/15/2079,289.953857,279.230591,126.199783
3/15/2079,289.193085,278.03006,41.587288
4/15/2079,299.164886,285.133606,83.437752
5/15/2079,303.613556,287.981384,88.079971
6/15/2079,305.365631,288.424866,3.43803
7/15/2079,311.878082,295.167542,1.802659
8/15/2079,308.699402,291.923035,1.760665
9/15/2079,309.09491,291.195984,5.368205
10/15/2079,305.65979,288.840027,59.7533
11/15/2079,293.895203,282.106323,92.241936
12/15/2079,290.090759,279.959778,43.033035
1/15/2080,290.240784,280.352112,161.891434
2/15/2080,295.455048,283.755707,60.182858
3/15/2080,296.67926,283.110535,181.07431
4/15/2080,295.404419,280.443695,69.236588
5/15/2080,304.844971,288.160248,9.901047
6/15/2080,309.826569,291.459595,1.316777
7/15/2080,313.001678,295.305481,1.707915
8/15/2080,311.006378,294.303772,1.282643
9/15/2080,308.191986,289.520935,1.574551
10/15/2080,304.848328,287.440857,14.136744
11/15/2080,295.289551,281.807617,9.061083
12/15/2080,286.572937,276.495514,24.425346
1/15/2081,288.608643,278.035736,4.392778
2/15/2081,292.200714,281.80365,166.59613
3/15/2081,291.810699,281.004272,365.036102
4/15/2081,295.889008,281.108124,64.636818
5/15/2081,300.158508,284.001556,15.365581
6/15/2081,307.466736,289.813354,5.473826
7/15/2081,311.4151,294.020966,0
8/15/2081,311.314362,294.527618,0.307636
9/15/2081,307.230804,290.317566,0
10/15/2081,300.219757,284.74881,19.825207
11/15/2081,295.897644,282.499969,48.21978
12/15/2081,290.346466,279.16806,30.241411
1/15/2082,288.701172,278.873657,36.251678
2/15/2082,291.297729,280.285675,239.864044
3/15/2082,294.199249,280.198883,87.634026
4/15/2082,296.55072,281.279236,14.032065
5/15/2082,300.905273,285.193817,0
6/15/2082,307.570953,290.543671,0.294428
7/15/2082,312.358337,295.211304,0
8/15/2082,312.61203,294.951874,1.463487
9/15/2082,310.473511,293.383789,3.087857
10/15/2082,303.461273,286.340118,0.285952
11/15/2082,290.100922,279.301941,7.834372
12/15/2082,285.286377,276.263428,0.327629
1/15/2083,288.324799,280.036346,44.537384
2/15/2083,292.390198,281.619476,194.910995
3/15/2083,292.508118,281.397125,159.435211
4/15/2083,296.329559,282.624603,40.55806
5/15/2083,302.612061,287.163513,30.938251
6/15/2083,305.757904,290.003387,46.927082
7/15/2083,311.883606,295.118225,2.153343
8/15/2083,310.82486,294.009399,2.850459
9/15/2083,306.082428,289.517242,4.947268
10/15/2083,299.90509,284.256226,59.717072
11/15/2083,296.462189,283.54715,150.245926
12/15/2083,289.290955,279.358398,0.291103
1/15/2084,288.629578,276.99527,50.32547
2/15/2084,292.058685,279.220367,265.919647
3/15/2084,295.873108,283.555115,11.082249
4/15/2084,295.503815,281.574219,64.535568
5/15/2084,298.321686,283.118591,2.580956
6/15/2084,308.101379,290.305542,0.596486
7/15/2084,312.093353,293.816437,0.629476
8/15/2084,311.901978,294.148438,1.522121
9/15/2084,307.505035,289.661011,0.971891
10/15/2084,301.518555,285.408478,10.421002
11/15/2084,296.036713,283.432648,35.992672
12/15/2084,283.285431,274.690582,155.18251
1/15/2085,289.223206,280.018921,114.00238
2/15/2085,290.239594,280.028107,41.270203
3/15/2085,291.803864,279.922333,261.972443
4/15/2085,297.507141,283.256439,84.741417
5/15/2085,305.338196,288.519562,3.344243
6/15/2085,308.771851,291.295593,3.545588
7/15/2085,311.65152,293.700317,0.662346
8/15/2085,310.837189,293.61734,2.170578
9/15/2085,308.831146,292.289062,2.143413
10/15/2085,303.569397,286.298553,3.242314
11/15/2085,292.496796,278.962036,54.102058
12/15/2085,287.64093,275.951141,23.08596
1/15/2086,289.51828,279.452209,131.97142
2/15/2086,291.762878,280.171875,80.779198
3/15/2086,297.59906,282.408813,77.65094
4/15/2086,300.465698,284.446075,116.244949
5/15/2086,306.094696,287.805939,8.76544
6/15/2086,309.529114,290.785004,1.169608
7/15/2086,312.763367,295.408661,0
8/15/2086,310.602539,292.469299,1.09774
9/15/2086,304.939087,288.853241,0.304556
10/15/2086,303.035767,287.624542,13.212519
11/15/2086,293.671814,282.006195,75.557823
12/15/2086,289.085876,279.942474,0.937742
1/15/2087,291.086975,281.255066,49.602959
2/15/2087,298.850983,284.581573,141.355621
3/15/2087,297.134491,283.18631,106.582726
4/15/2087,299.907196,285.178131,74.896141
5/15/2087,304.498596,287.389587,27.943134
6/15/2087,308.740997,290.419922,2.939965
7/15/2087,312.940186,295.355896,1.232396
8/15/2087,311.139435,294.934235,2.350011
9/15/2087,307.412811,290.445801,24.928589
10/15/2087,301.335571,284.326599,0.987999
11/15/2087,293.790802,281.851044,9.21856
12/15/2087,290.577209,279.219147,37.138626
1/15/2088,291.919128,280.346619,299.060669
2/15/2088,287.534332,277.314117,231.466171
3/15/2088,292.31839,281.111298,14.868188
4/15/2088,299.883514,285.594208,54.564468
5/15/2088,303.799194,288.232086,12.820536
6/15/2088,307.724335,290.398468,0.880823
7/15/2088,311.907196,294.919952,1.160089
8/15/2088,310.664429,293.714294,1.479643
9/15/2088,304.997986,287.619568,19.185356
10/15/2088,302.981689,286.705841,1.018392
11/15/2088,294.676819,281.193054,70.298317
12/15/2088,290.816772,280.001129,54.73941
1/15/2089,287.602356,277.309204,189.444412
2/15/2089,293.833557,281.953949,22.077026
3/15/2089,293.082825,281.006317,302.701355
4/15/2089,298.403412,284.792999,115.989822
5/15/2089,301.921356,286.417114,2.676398
6/15/2089,309.07196,291.096588,0.28227
7/15/2089,310.286224,292.785156,2.503839
8/15/2089,311.253662,293.263397,3.329864
9/15/2089,309.568726,291.132812,0.89291
10/15/2089,300.819122,284.630005,19.262342
11/15/2089,295.319336,284.066895,94.176926
12/15/2089,288.810211,278.471588,20.818985
1/15/2090,289.320496,278.605072,101.549988
2/15/2090,291.426422,280.174835,235.28334
3/15/2090,291.167603,278.712921,93.880943
4/15/2090,290.969604,278.339691,10.36319
5/15/2090,304.005432,287.618866,17.114849
6/15/2090,307.231659,289.100159,1.599494
7/15/2090,311.435364,293.112305,0.585398
8/15/2090,309.714813,292.467255,1.490025
9/15/2090,308.755249,290.778351,5.189468
10/15/2090,301.510223,284.885559,21.9939
11/15/2090,291.19928,277.685883,131.104355
12/15/2090,288.313721,278.008362,37.444145
1/15/2091,288.357666,277.520203,155.144592
2/15/2091,289.149261,277.416748,36.762611
3/15/2091,294.04126,281.381409,74.443352
4/15/2091,301.415558,284.973572,20.247793
5/15/2091,300.529999,285.814911,44.615852
6/15/2091,308.11084,289.669891,0
7/15/2091,314.425934,296.675079,0
8/15/2091,310.189026,294.080841,5.065702
9/15/2091,307.879944,290.992615,2.497536
10/15/2091,297.852966,284.463135,97.801964
11/15/2091,295.016693,282.028656,45.075848
12/15/2091,290.788483,280.210754,189.991852
1/15/2092,287.524658,278.635315,1.977704
2/15/2092,287.905823,277.875824,58.696884
3/15/2092,290.880981,279.690979,132.419022
4/15/2092,294.947418,280.873352,0
5/15/2092,300.863983,285.026428,23.520164
6/15/2092,304.512909,288.364471,3.1413
7/15/2092,308.563629,291.91333,0.282295
8/15/2092,310.89447,293.077087,1.521214
9/15/2092,309.302063,291.343048,0.601655
10/15/2092,302.124725,285.752686,2.545269
11/15/2092,294.310486,282.500854,57.914482
12/15/2092,291.735535,281.92215,2.655754
1/15/2093,291.023254,280.710327,49.574413
2/15/2093,291.219177,280.321442,317.90387
3/15/2093,295.860352,281.904602,38.018784
4/15/2093,294.850067,281.267914,35.50721
5/15/2093,304.299377,287.053925,4.639597
6/15/2093,304.497467,288.055969,0
7/15/2093,310.256836,293.554138,1.149321
8/15/2093,312.419769,294.719574,1.68349
9/15/2093,305.881897,288.360779,2.213512
10/15/2093,297.035248,282.705139,0
11/15/2093,293.167633,281.694519,63.377277
12/15/2093,287.624481,278.254639,109.218346
1/15/2094,289.321167,278.88739,6.756917
2/15/2094,294.131378,281.71228,0
3/15/2094,299.80246,285.10199,37.731186
4/15/2094,293.606964,281.92926,28.541986
5/15/2094,301.788177,285.720093,14.43644
6/15/2094,307.671936,289.683167,0.290852
7/15/2094,312.623962,294.370636,7.387452
8/15/2094,311.35437,293.534332,5.683923
9/15/2094,308.299927,291.59848,0.287717
10/15/2094,301.871277,286.987427,38.787231
11/15/2094,294.875916,282.143463,141.550018
12/15/2094,288.549103,280.102173,34.325661
1/15/2095,290.845062,281.885529,79.587563
2/15/2095,291.809967,281.97998,10.773433
3/15/2095,294.889587,283.157806,76.513062
4/15/2095,298.003418,284.231842,98.497192
5/15/2095,302.94519,286.556641,40.790779
6/15/2095,306.497375,290.542603,0.295382
7/15/2095,311.69104,293.895538,1.172786
8/15/2095,310.890076,293.556976,0.586072
9/15/2095,306.075012,289.458832,3.290485
10/15/2095,299.046997,284.841766,75.554276
11/15/2095,292.380341,281.511108,1.258928
12/15/2095,291.135925,280.996368,23.267118
1/15/2096,289.564636,280.484528,0
2/15/2096,290.372711,281.91452,203.192886
3/15/2096,296.120087,282.550171,90.584999
4/15/2096,297.986938,282.082642,42.955078
5/15/2096,302.233856,286.228729,9.664345
6/15/2096,306.49939,289.130371,1.528644
7/15/2096,310.456024,292.54068,0
8/15/2096,311.394409,293.576874,2.599698
9/15/2096,309.257782,291.536682,1.527933
10/15/2096,303.769958,289.317566,7.814225
11/15/2096,293.032135,280.500793,62.796112
12/15/2096,290.000153,279.598297,50.120193
1/15/2097,289.634674,278.73175,129.912903
2/15/2097,294.710541,282.033142,205.161194
3/15/2097,294.976929,282.480194,141.097824
4/15/2097,296.518616,281.622131,38.592678
5/15/2097,304.631317,287.873352,12.646336
6/15/2097,307.912628,290.123932,0
7/15/2097,312.157898,295.652557,2.587955
8/15/2097,312.411438,294.260681,0.570791
9/15/2097,307.402618,288.90976,2.606953
10/15/2097,303.455536,285.158356,12.869624
11/15/2097,292.499084,279.803741,23.364513
12/15/2097,285.797089,276.159698,37.348812
1/15/2098,290.344299,280.083221,105.264069
2/15/2098,294.14682,281.584198,190.107834
3/15/2098,292.612488,280.988861,106.077782
4/15/2098,296.00473,282.246063,8.491436
5/15/2098,306.446869,289.508911,11.100788
6/15/2098,309.231842,290.938812,1.161589
7/15/2098,311.539948,293.737396,0.286371
8/15/2098,310.938049,293.050446,9.356074
9/15/2098,309.015137,291.253143,2.11436
10/15/2098,300.80249,284.453491,0.451015
11/15/2098,291.642792,281.468933,119.072395
12/15/2098,289.576172,278.758575,86.948799
1/15/2099,289.082001,278.276886,35.76841
2/15/2099,288.353699,277.447205,87.889076
3/15/2099,293.536011,280.868347,39.870117
4/15/2099,301.089813,283.921753,2.855471
5/15/2099,307.128632,289.791718,1.16599
6/15/2099,311.347809,292.581573,17.596924
7/15/2099,312.392853,294.649841,0.753344
8/15/2099,312.116577,294.326141,4.156929
9/15/2099,307.996704,289.899567,0.877284
10/15/2099,300.531799,285.971558,18.663675
11/15/2099,291.879425,281.018463,89.946556
12/15/2099,288.400787,277.276245,15.959344
